--stock table insert
INSERT INTO stock (ISIN, exchange_id, ticker, name, currency) VALUES
('US0378331005', 'US', 'AAPL', 'Apple.', 'USD'),
('US67066G1040', 'US', 'NVDA', 'NVIDIA', 'USD'),
('US88160R1014', 'US', 'TSLA', 'Tesla', 'USD'),
('KR7005930003', 'KO', '005930', '삼성전자', 'KRW'),
('KR7000660001', 'KO', '000660', 'SK hynix', 'KRW');

-- 주식계좌추가(홍길동)
INSERT INTO bank_account (uid, user_uid, account_number, name, bank, current_balance, deposit_type) VALUES
(UNHEX(REPLACE('e9f1c8d7-7654-43e2-9a2e-8adf2bbfe113', '-', '')), UNHEX(REPLACE('f47ac10b-58cc-4372-a567-0e02b2c3d479', '-', '')), '1564165135153', 'NH투자증권', '247', 10000000, '증권');

-- 주식계좌주식추가(홍길동, 미래에셋증권, NH투자증권 계좌)
-- 미래에셋증권 계좌 (UID: e9f1c8d7-7654-43e2-9a2e-8adf2bbfe111)
INSERT INTO account_stock (bank_account_uid, ISIN, quantity, average_price) VALUES
(UNHEX(REPLACE('e9f1c8d7-7654-43e2-9a2e-8adf2bbfe111', '-', '')), 'US0378331005', 200, 120.5), -- Apple
(UNHEX(REPLACE('e9f1c8d7-7654-43e2-9a2e-8adf2bbfe111', '-', '')), 'US67066G1040', 75, 100.0),  -- NVIDIA
(UNHEX(REPLACE('e9f1c8d7-7654-43e2-9a2e-8adf2bbfe111', '-', '')), 'US88160R1014', 100, 200.0);  -- Tesla

-- NH투자증권 계좌 (UID: e9f1c8d7-7654-43e2-9a2e-8adf2bbfe113)
INSERT INTO account_stock (bank_account_uid, ISIN, quantity, average_price) VALUES
(UNHEX(REPLACE('e9f1c8d7-7654-43e2-9a2e-8adf2bbfe113', '-', '')), 'KR7005930003', 30, 72000),   -- 삼성전자
(UNHEX(REPLACE('e9f1c8d7-7654-43e2-9a2e-8adf2bbfe113', '-', '')), 'KR7000660001', 25, 120000); -- SK hynix

--거래내역(미래에셋증권)
INSERT INTO transaction(transaction_no, bank_account_uid, counter_account, income, outcome, category, time, after_balance) VALUES (UNHEX(REPLACE('56a0004c-0795-42b1-bc7b-052ceac92102','-','')), UNHEX('e9f1c8d7765443e29a2e8adf2bbfe111'), '출금', 0, 1396209.5010, '주식거래', '2025-08-01 00:00:00', 5000000),
 (UNHEX(REPLACE('150b53e9-8ae4-45d9-a083-842cae136720','-','')), UNHEX('e9f1c8d7765443e29a2e8adf2bbfe111'), '출금', 0, 879367.7628, '주식거래', '2025-07-02 00:00:00', 6396209.5010),
 (UNHEX(REPLACE('6a79905b-f4ac-4145-bb5b-b30e92fac47c','-','')), UNHEX('e9f1c8d7765443e29a2e8adf2bbfe111'), '출금', 0, 1391518.215, '주식거래', '2025-06-02 00:00:00', 7275577.2638),
 (UNHEX(REPLACE('4913778b-4ed2-462c-a80c-1a3868d4f859','-','')), UNHEX('e9f1c8d7765443e29a2e8adf2bbfe111'), '출금', 0, 2195411.4648, '주식거래', '2025-05-05 00:00:00', 8667095.4788),
 (UNHEX(REPLACE('5283771c-514d-49e6-9a2c-303b10d5dcf4','-','')), UNHEX('e9f1c8d7765443e29a2e8adf2bbfe111'), '출금', 0, 1001506.7736, '주식거래', '2025-04-07 00:00:00', 10862506.9436),
 (UNHEX(REPLACE('958ca94c-33ab-4b94-b876-12dc849fd76a','-','')), UNHEX('e9f1c8d7765443e29a2e8adf2bbfe111'), '출금', 0, 2824871.6628, '주식거래', '2025-03-10 00:00:00', 11864013.7172),
 (UNHEX(REPLACE('c96d1ecd-efa4-4ff8-874b-356a3f366809','-','')), UNHEX('e9f1c8d7765443e29a2e8adf2bbfe111'), '입금', 2826982.7415, 0, '주식거래', '2025-02-10 00:00:00', 14688885.3800),
 (UNHEX(REPLACE('c866c19c-6ef6-4003-aed7-7e6788a8c660','-','')), UNHEX('e9f1c8d7765443e29a2e8adf2bbfe111'), '입금', 2263959.432, 0, '주식거래', '2025-01-13 00:00:00', 11861902.6385),
 (UNHEX(REPLACE('fefe2026-842b-4830-b615-fb13f2cb779d','-','')), UNHEX('e9f1c8d7765443e29a2e8adf2bbfe111'), '출금', 0, 3463824.8160, '주식거래', '2024-12-16 00:00:00', 9597943.2065),
 (UNHEX(REPLACE('9c9c5d7a-5d87-4029-a935-51377d404be2','-','')), UNHEX('e9f1c8d7765443e29a2e8adf2bbfe111'), '출금', 0, 2202338.0106, '주식거래', '2024-11-18 00:00:00', 13061768.0225),
 (UNHEX(REPLACE('dff62aef-b1d1-40d0-b467-16f2ccfce445','-','')), UNHEX('e9f1c8d7765443e29a2e8adf2bbfe111'), '출금', 0, 3262927.3920, '주식거래', '2024-10-21 00:00:00', 15264106.0331),
 (UNHEX(REPLACE('912ad16f-6b60-4964-bf34-4ad5a01cee5a','-','')), UNHEX('e9f1c8d7765443e29a2e8adf2bbfe111'), '입금', 3124810.4130, 0, '주식거래', '2024-09-23 00:00:00', 18527033.4251),
 (UNHEX(REPLACE('22798503-93b1-4a7c-9871-8980024059e4','-','')), UNHEX('e9f1c8d7765443e29a2e8adf2bbfe111'), '입금', 3134606.9220, 0, '주식거래', '2024-08-26 00:00:00', 15402223.0121),
 (UNHEX(REPLACE('4d8e6d71-9f3f-47a7-804e-fc729931f140','-','')), UNHEX('e9f1c8d7765443e29a2e8adf2bbfe111'), '입금', 1505626.8480, 0, '주식거래', '2024-07-29 00:00:00', 12267616.0901),
 (UNHEX(REPLACE('90d77a07-f4b6-4dfe-a7ef-83037383d509','-','')), UNHEX('e9f1c8d7765443e29a2e8adf2bbfe111'), '입금', 2990694.8250, 0, '주식거래', '2024-07-01 00:00:00', 10761989.2421),
 (UNHEX(REPLACE('ce3bd4bf-2d27-42e6-abc7-00c14103cb02','-','')), UNHEX('e9f1c8d7765443e29a2e8adf2bbfe111'), '출금', 0, 803161.9611, '주식거래', '2024-06-03 00:00:00', 7771294.4171),
 (UNHEX(REPLACE('2bb25e2b-9b0a-401a-940d-fd8d6b3a8cfa','-','')), UNHEX('e9f1c8d7765443e29a2e8adf2bbfe111'), '출금', 0, 752164.9227, '주식거래', '2024-05-06 00:00:00', 8574456.3782),
 (UNHEX(REPLACE('00330d24-9b76-4efa-b86d-4ab90502e493','-','')), UNHEX('e9f1c8d7765443e29a2e8adf2bbfe111'), '입금', 464851.2510, 0, '주식거래', '2024-04-08 00:00:00', 9326621.3009),
 (UNHEX(REPLACE('348ece7b-359a-4c1f-88f8-aec8bc7b16b1','-','')), UNHEX('e9f1c8d7765443e29a2e8adf2bbfe111'), '입금', 1191793.6125, 0, '주식거래', '2024-03-11 00:00:00', 8861770.0499),
 (UNHEX(REPLACE('542c4d4c-4266-46e2-bd04-e20a79b73bc9','-','')), UNHEX('e9f1c8d7765443e29a2e8adf2bbfe111'), '출금', 0, 1291138.4925, '주식거래', '2024-02-12 00:00:00', 7669976.4374),
 (UNHEX(REPLACE('bca2fc64-1179-472d-ae32-688a4f41cc3b','-','')), UNHEX('e9f1c8d7765443e29a2e8adf2bbfe111'), '출금', 0, 253370.8377, '주식거래', '2024-01-16 00:00:00', 8961114.9299),
 (UNHEX(REPLACE('1cd388f7-2ed2-4eac-a355-b7c47c55a533','-','')), UNHEX('e9f1c8d7765443e29a2e8adf2bbfe111'), '입금', 1621722.3786, 0, '주식거래', '2023-12-18 00:00:00', 9214485.7676),
 (UNHEX(REPLACE('a515034c-0e34-415c-b087-a182bee20324','-','')), UNHEX('e9f1c8d7765443e29a2e8adf2bbfe111'), '입금', 792482.3865, 0, '주식거래', '2023-11-20 00:00:00', 7592763.3890),
 (UNHEX(REPLACE('c8de2cfd-89dc-4bf1-9166-dbe9ae758e63','-','')), UNHEX('e9f1c8d7765443e29a2e8adf2bbfe111'), '입금', 2387036.70, 0, '주식거래', '2023-10-23 00:00:00', 6800281.0025),
 (UNHEX(REPLACE('966506c6-9168-4e80-8fde-01addc4ffbe1','-','')), UNHEX('e9f1c8d7765443e29a2e8adf2bbfe111'), '입금', 1214767.1160, 0, '주식거래', '2023-09-25 00:00:00', 4413244.3025),
 (UNHEX(REPLACE('ce615d70-934c-468b-9496-57a003b7dc72','-','')), UNHEX('e9f1c8d7765443e29a2e8adf2bbfe111'), '출금', 0, 1243121.8005, '주식거래', '2023-08-28 00:00:00', 3198477.1865),
 (UNHEX(REPLACE('5471da57-9a36-4fa7-acf5-94d189485460','-','')), UNHEX('e9f1c8d7765443e29a2e8adf2bbfe111'), '출금', 0, 2439537.7095, '주식거래', '2023-07-31 00:00:00', 4441598.9870),
 (UNHEX(REPLACE('42e5eb3a-ec45-40ed-b739-cc92c4b56f2c','-','')), UNHEX('e9f1c8d7765443e29a2e8adf2bbfe111'), '출금', 0, 265554.3834, '주식거래', '2023-07-03 00:00:00', 6881136.6965),
 (UNHEX(REPLACE('49f280d9-d396-412f-a941-2e78847c089a','-','')), UNHEX('e9f1c8d7765443e29a2e8adf2bbfe111'), '출금', 0, 495565.3764, '주식거래', '2023-06-05 00:00:00', 7146691.0799),
 (UNHEX(REPLACE('59a9c8b0-af34-4088-b854-aedc0923be76','-','')), UNHEX('e9f1c8d7765443e29a2e8adf2bbfe111'), '출금', 0, 478787.130, '주식거래', '2023-05-08 00:00:00', 7642256.4563),
 (UNHEX(REPLACE('75cc613a-de40-4c93-868e-25e7034d7ef2','-','')), UNHEX('e9f1c8d7765443e29a2e8adf2bbfe111'), '출금', 0, 447134.7474, '주식거래', '2023-04-10 00:00:00', 8121043.5863),
 (UNHEX(REPLACE('bbe04eff-a359-4726-b224-a23203da4da8','-','')), UNHEX('e9f1c8d7765443e29a2e8adf2bbfe111'), '출금', 0, 2076170.0130, '주식거래', '2023-03-13 00:00:00', 8568178.3337),
 (UNHEX(REPLACE('c66fbce9-999b-4b55-9d46-7c7608b942d4','-','')), UNHEX('e9f1c8d7765443e29a2e8adf2bbfe111'), '입금', 2122806.9150, 0, '주식거래', '2023-02-13 00:00:00', 10644348.3467),
 (UNHEX(REPLACE('23e354f2-69e6-4fe4-9ace-c9b350e63839','-','')), UNHEX('e9f1c8d7765443e29a2e8adf2bbfe111'), '입금', 1312980.5682, 0, '주식거래', '2023-01-17 00:00:00', 8521541.4317),
 (UNHEX(REPLACE('6534a409-a0e2-4de4-a9f0-6b4eab94998c','-','')), UNHEX('e9f1c8d7765443e29a2e8adf2bbfe111'), '입금', 1643785.2207, 0, '주식거래', '2022-12-19 00:00:00', 7208560.8635),
 (UNHEX(REPLACE('21d05e21-e3e5-4817-9e13-627429ff64a2','-','')), UNHEX('e9f1c8d7765443e29a2e8adf2bbfe111'), '출금', 0, 408445.4358, '주식거래', '2022-11-21 00:00:00', 5564775.6428),
 (UNHEX(REPLACE('0f6b915b-abbf-41de-b60c-9c3d2cdce02b','-','')), UNHEX('e9f1c8d7765443e29a2e8adf2bbfe111'), '출금', 0, 1649676.9240, '주식거래', '2022-10-24 00:00:00', 5973221.0786),
 (UNHEX(REPLACE('69a66600-6f49-45a4-8651-feddc0d76961','-','')), UNHEX('e9f1c8d7765443e29a2e8adf2bbfe111'), '출금', 0, 1664247.5064, '주식거래', '2022-09-26 00:00:00', 7622898.0026),
 (UNHEX(REPLACE('23f3f692-78f3-401e-9ad8-30125789aa92','-','')), UNHEX('e9f1c8d7765443e29a2e8adf2bbfe111'), '출금', 0, 2004034.5918, '주식거래', '2022-08-29 00:00:00', 9287145.5090),
 (UNHEX(REPLACE('550e055b-ad73-47ef-ba46-fbf953ee1142','-','')), UNHEX('e9f1c8d7765443e29a2e8adf2bbfe111'), '출금', 0, 222849.8829, '주식거래', '2022-08-01 00:00:00', 11291180.1008),
 (UNHEX(REPLACE('9ffcf90a-d107-4e91-9b07-8d78264290cc','-','')), UNHEX('e9f1c8d7765443e29a2e8adf2bbfe111'), '입금', 976615.3620, 0, '주식거래', '2022-07-05 00:00:00', 11514029.9837),
 (UNHEX(REPLACE('f84a61d1-35b0-4ab5-8e29-9cc88a150c92','-','')), UNHEX('e9f1c8d7765443e29a2e8adf2bbfe111'), '출금', 0, 1411497.5742, '주식거래', '2022-06-06 00:00:00', 10537414.6217),
 (UNHEX(REPLACE('b295c1f1-6966-4cc7-ae08-a47298dc992d','-','')), UNHEX('e9f1c8d7765443e29a2e8adf2bbfe111'), '입금', 1258865.2044, 0, '주식거래', '2022-05-09 00:00:00', 11948912.1959),
 (UNHEX(REPLACE('c95fb221-78bc-4673-ba58-5fe2a0164a93','-','')), UNHEX('e9f1c8d7765443e29a2e8adf2bbfe111'), '출금', 0, 1372201.1550, '주식거래', '2022-04-11 00:00:00', 10690046.9915),
 (UNHEX(REPLACE('8d3757d3-c2a5-4386-b358-a3c1f4c85e22','-','')), UNHEX('e9f1c8d7765443e29a2e8adf2bbfe111'), '입금', 1454767.7886, 0, '주식거래', '2022-03-14 00:00:00', 12062248.1465),
 (UNHEX(REPLACE('b4b177a6-1f9e-46b1-bdd0-9bf142591aca','-','')), UNHEX('e9f1c8d7765443e29a2e8adf2bbfe111'), '입금', 2330189.3520, 0, '주식거래', '2022-02-14 00:00:00', 10607480.3579),
 (UNHEX(REPLACE('734750f1-13da-4e98-98c8-56bf12cf9afd','-','')), UNHEX('e9f1c8d7765443e29a2e8adf2bbfe111'), '입금', 1874306.736, 0, '주식거래', '2022-01-18 00:00:00', 8277291.0059),
 (UNHEX(REPLACE('89d23485-f719-4039-a752-84a90ca4d7bc','-','')), UNHEX('e9f1c8d7765443e29a2e8adf2bbfe111'), '입금', 936877.4100, 0, '주식거래', '2021-12-20 00:00:00', 6402984.2699),
 (UNHEX(REPLACE('2369f701-0ea5-438a-8e68-a65760ab5bcc','-','')), UNHEX('e9f1c8d7765443e29a2e8adf2bbfe111'), '입금', 666521.3574, 0, '주식거래', '2021-11-22 00:00:00', 5466106.8599),
 (UNHEX(REPLACE('4e7f661c-28fa-4d20-86b6-3bd9daffdd0a','-','')), UNHEX('e9f1c8d7765443e29a2e8adf2bbfe111'), '출금', 0, 410183.9712, '주식거래', '2021-10-25 00:00:00', 4799585.5025),
 (UNHEX(REPLACE('12ed4d67-69cd-4455-9a83-c797a2dceae1','-','')), UNHEX('e9f1c8d7765443e29a2e8adf2bbfe111'), '입금', 200580.0723, 0, '주식거래', '2021-09-27 00:00:00', 5209769.4737),
 (UNHEX(REPLACE('87af9504-6777-4951-868b-429c478da1fe','-','')), UNHEX('e9f1c8d7765443e29a2e8adf2bbfe111'), '출금', 0, 633820.3344, '주식거래', '2021-08-30 00:00:00', 5009189.4014),
 (UNHEX(REPLACE('b51be4c8-fe4d-4246-aa77-ed0a2d8924df','-','')), UNHEX('e9f1c8d7765443e29a2e8adf2bbfe111'), '출금', 0, 1606296.3264, '주식거래', '2021-08-02 00:00:00', 5643009.7358),
 (UNHEX(REPLACE('21e4d1ea-776a-45ac-ab19-f3cfe37e7e3e','-','')), UNHEX('e9f1c8d7765443e29a2e8adf2bbfe111'), '출금', 0, 1959577.7580, '주식거래', '2021-07-06 00:00:00', 7249306.0622),
 (UNHEX(REPLACE('11d23471-065e-4bf5-a42e-0a3e00c6a82f','-','')), UNHEX('e9f1c8d7765443e29a2e8adf2bbfe111'), '입금', 1042293.366, 0, '주식거래', '2021-06-07 00:00:00', 9208883.8202),
 (UNHEX(REPLACE('914680ce-5186-4b61-9c49-ef6ea2246ab5','-','')), UNHEX('e9f1c8d7765443e29a2e8adf2bbfe111'), '출금', 0, 1050158.1690, '주식거래', '2021-05-10 00:00:00', 8166590.4542),
 (UNHEX(REPLACE('8b7e5912-91b6-446d-bcff-5e57acce7454','-','')), UNHEX('e9f1c8d7765443e29a2e8adf2bbfe111'), '출금', 0, 1629752.7564, '주식거래', '2021-04-12 00:00:00', 9216748.6232),
 (UNHEX(REPLACE('55b5ff14-9d65-43cb-95d3-10fde83a1df2','-','')), UNHEX('e9f1c8d7765443e29a2e8adf2bbfe111'), '입금', 342160.3242, 0, '주식거래', '2021-03-15 00:00:00', 10846501.3796),
 (UNHEX(REPLACE('47745459-2dbb-4754-9b19-32cbefc40d59','-','')), UNHEX('e9f1c8d7765443e29a2e8adf2bbfe111'), '출금', 0, 1837742.3010, '주식거래', '2021-02-16 00:00:00', 10504341.0554),
 (UNHEX(REPLACE('d3866b43-fd4c-426b-97ae-500450ad6bb1','-','')), UNHEX('e9f1c8d7765443e29a2e8adf2bbfe111'), '입금', 176378.5557, 0, '주식거래', '2021-01-19 00:00:00', 12342083.3564),
 (UNHEX(REPLACE('9636f5e2-4186-4f68-9fa0-bf974e30a418','-','')), UNHEX('e9f1c8d7765443e29a2e8adf2bbfe111'), '입금', 1061582.8302, 0, '주식거래', '2020-12-21 00:00:00', 12165704.8007),
 (UNHEX(REPLACE('7629d910-e3f9-4177-88d3-7ef011183911','-','')), UNHEX('e9f1c8d7765443e29a2e8adf2bbfe111'), '입금', 942534.5490, 0, '주식거래', '2020-11-23 00:00:00', 11104121.9705),
 (UNHEX(REPLACE('a04bc8be-961d-4870-9d17-8d0a00fab21f','-','')), UNHEX('e9f1c8d7765443e29a2e8adf2bbfe111'), '출금', 0, 1111213.8765, '주식거래', '2020-10-26 00:00:00', 10161587.4215),
 (UNHEX(REPLACE('b4a161c1-5b87-4917-94a9-2a7f39a7b0f7','-','')), UNHEX('e9f1c8d7765443e29a2e8adf2bbfe111'), '출금', 0, 1110344.6088, '주식거래', '2020-09-28 00:00:00', 11272801.2980),
 (UNHEX(REPLACE('c8162d2c-20a8-4298-9c19-de306b5c23f3','-','')), UNHEX('e9f1c8d7765443e29a2e8adf2bbfe111'), '입금', 356096.2032, 0, '주식거래', '2020-08-31 00:00:00', 12383145.9068),
 (UNHEX(REPLACE('9c8d00f4-106b-42e1-8ee0-f7ca56467e3b','-','')), UNHEX('e9f1c8d7765443e29a2e8adf2bbfe111'), '출금', 0, 6012434.9250, '주식거래', '2020-08-03 00:00:00', 12027049.7036),
 (UNHEX(REPLACE('6f04baef-e18c-478f-8cdc-77af96617bbf','-','')), UNHEX('e9f1c8d7765443e29a2e8adf2bbfe111'), '입금', 2579172.4575, 0, '주식거래', '2020-07-06 00:00:00', 18039484.6286),
 (UNHEX(REPLACE('3afc3a27-607b-4723-ad44-d17d5fe4656d','-','')), UNHEX('e9f1c8d7765443e29a2e8adf2bbfe111'), '출금', 0, 4601047.7340, '주식거래', '2020-06-08 00:00:00', 15460312.1711),
 (UNHEX(REPLACE('67a2fe09-a4ed-4955-82b0-bf8e608c2409','-','')), UNHEX('e9f1c8d7765443e29a2e8adf2bbfe111'), '출금', 0, 2607885.8874, '주식거래', '2020-05-11 00:00:00', 20061359.9051),
 (UNHEX(REPLACE('3bf20891-9d11-4c9d-a439-2a16b662310c','-','')), UNHEX('e9f1c8d7765443e29a2e8adf2bbfe111'), '출금', 0, 3770276.1750, '주식거래', '2020-04-13 00:00:00', 22669245.7925),
 (UNHEX(REPLACE('453c0d6d-83a0-4602-b255-c1e0dd0b9d76','-','')), UNHEX('e9f1c8d7765443e29a2e8adf2bbfe111'), '출금', 0, 334198.9359, '주식거래', '2020-03-16 00:00:00', 26439521.9675),
 (UNHEX(REPLACE('2234a421-d22d-40e7-9613-23f8e54ede45','-','')), UNHEX('e9f1c8d7765443e29a2e8adf2bbfe111'), '출금', 0, 3081071.07, '주식거래', '2020-02-18 00:00:00', 26773720.9034),
 (UNHEX(REPLACE('a7984de8-09f4-4580-8085-0bbdcc6ec67b','-','')), UNHEX('e9f1c8d7765443e29a2e8adf2bbfe111'), '출금', 0, 2620800.7218, '주식거래', '2020-01-21 00:00:00', 29854791.9734),
 (UNHEX(REPLACE('8304cbf8-49e5-4c61-bd15-ef755dfc6f93','-','')), UNHEX('e9f1c8d7765443e29a2e8adf2bbfe111'), '출금', 0, 1175581.08, '주식거래', '2019-12-23 00:00:00', 32475592.6952),
 (UNHEX(REPLACE('3ab78309-1897-449f-af95-40432c7f5a9b','-','')), UNHEX('e9f1c8d7765443e29a2e8adf2bbfe111'), '출금', 0, 1470138.6492, '주식거래', '2019-11-25 00:00:00', 33651173.7752),
 (UNHEX(REPLACE('46d24ff9-7ba1-4be1-a1bc-4e613a38e43e','-','')), UNHEX('e9f1c8d7765443e29a2e8adf2bbfe111'), '출금', 0, 1374546.7980, '주식거래', '2019-10-28 00:00:00', 35121312.4244),
 (UNHEX(REPLACE('dcb3275a-b79f-4928-9c23-bd2586587fdb','-','')), UNHEX('e9f1c8d7765443e29a2e8adf2bbfe111'), '입금', 1854189.3978, 0, '주식거래', '2019-09-30 00:00:00', 36495859.2224),
 (UNHEX(REPLACE('ee6bfdd7-a1e7-4e75-9989-70abcf15e812','-','')), UNHEX('e9f1c8d7765443e29a2e8adf2bbfe111'), '출금', 0, 2838228.030, '주식거래', '2019-09-03 00:00:00', 34641669.8246),
 (UNHEX(REPLACE('3bc32140-435d-4d1f-9ae3-b366ccb2715d','-','')), UNHEX('e9f1c8d7765443e29a2e8adf2bbfe111'), '입금', 800305.7958, 0, '주식거래', '2019-08-05 00:00:00', 37479897.8546),
 (UNHEX(REPLACE('f3d1db86-f055-43c2-9d31-cb1ff7574c55','-','')), UNHEX('e9f1c8d7765443e29a2e8adf2bbfe111'), '출금', 0, 1103942.3832, '주식거래', '2019-07-08 00:00:00', 36679592.0588),
 (UNHEX(REPLACE('41653f62-4244-4342-b9cd-0bafc5cbc5d0','-','')), UNHEX('e9f1c8d7765443e29a2e8adf2bbfe111'), '출금', 0, 1328599.7910, '주식거래', '2019-06-10 00:00:00', 37783534.4420),
 (UNHEX(REPLACE('4be8a745-b84b-406c-838b-50d4103fafef','-','')), UNHEX('e9f1c8d7765443e29a2e8adf2bbfe111'), '입금', 1281272.9940, 0, '주식거래', '2019-05-13 00:00:00', 39112134.2330),
 (UNHEX(REPLACE('7edf012c-39a0-41e7-bf20-7abd7dac4e28','-','')), UNHEX('e9f1c8d7765443e29a2e8adf2bbfe111'), '출금', 0, 824686.6851, '주식거래', '2019-04-15 00:00:00', 37830861.2390),
 (UNHEX(REPLACE('b8d8e282-ff7e-4bd4-b41d-2349e738e61f','-','')), UNHEX('e9f1c8d7765443e29a2e8adf2bbfe111'), '입금', 518856.2316, 0, '주식거래', '2019-03-18 00:00:00', 38655547.9241),
 (UNHEX(REPLACE('8cd66ba3-b3e5-4764-96ab-de3cad79f515','-','')), UNHEX('e9f1c8d7765443e29a2e8adf2bbfe111'), '입금', 2358475.0470, 0, '주식거래', '2019-02-19 00:00:00', 38136691.6925),
 (UNHEX(REPLACE('04b3d475-c962-4897-beee-614f37f1af92','-','')), UNHEX('e9f1c8d7765443e29a2e8adf2bbfe111'), '입금', 1057609.035, 0, '주식거래', '2019-01-22 00:00:00', 35778216.6455),
 (UNHEX(REPLACE('df2c2077-df92-42c4-8a4e-1bbcdf32b250','-','')), UNHEX('e9f1c8d7765443e29a2e8adf2bbfe111'), '출금', 0, 1012972.8285, '주식거래', '2018-12-24 00:00:00', 34720607.6105),
 (UNHEX(REPLACE('24f0823d-4f35-41b9-a4a3-4f92f41923c0','-','')), UNHEX('e9f1c8d7765443e29a2e8adf2bbfe111'), '입금', 1445633.5788, 0, '주식거래', '2018-11-26 00:00:00', 35733580.4390),
 (UNHEX(REPLACE('7b160ec1-821f-4232-9710-f68f641eb8f2','-','')), UNHEX('e9f1c8d7765443e29a2e8adf2bbfe111'), '출금', 0, 2049926.4072, '주식거래', '2018-10-29 00:00:00', 34287946.8602),
 (UNHEX(REPLACE('ddd5fce2-6cda-4fa1-8bfa-af1aa522faf0','-','')), UNHEX('e9f1c8d7765443e29a2e8adf2bbfe111'), '입금', 313571.0754, 0, '주식거래', '2018-10-01 00:00:00', 36337873.2674),
 (UNHEX(REPLACE('fe9e6915-709e-4831-ac6b-fee0f953bd8e','-','')), UNHEX('e9f1c8d7765443e29a2e8adf2bbfe111'), '입금', 630177.6888, 0, '주식거래', '2018-09-04 00:00:00', 36024302.1920),
 (UNHEX(REPLACE('f0885d21-ff7c-46be-b3e7-5340f36b444b','-','')), UNHEX('e9f1c8d7765443e29a2e8adf2bbfe111'), '출금', 0, 288472.6953, '주식거래', '2018-08-06 00:00:00', 35394124.5032),
 (UNHEX(REPLACE('91e5cbf4-09b7-4ecb-8f4f-9ec858f3eebb','-','')), UNHEX('e9f1c8d7765443e29a2e8adf2bbfe111'), '입금', 2629603.7820, 0, '주식거래', '2018-07-09 00:00:00', 35682597.1985),
 (UNHEX(REPLACE('fcafaf31-963b-4a5e-9af1-5595da749542','-','')), UNHEX('e9f1c8d7765443e29a2e8adf2bbfe111'), '출금', 0, 1055428.9668, '주식거래', '2018-06-11 00:00:00', 33052993.4165),
 (UNHEX(REPLACE('9f0f7276-9233-4c5f-a305-419614b44029','-','')), UNHEX('e9f1c8d7765443e29a2e8adf2bbfe111'), '입금', 1557644.9310, 0, '주식거래', '2018-05-14 00:00:00', 34108422.3833),
 (UNHEX(REPLACE('37be31ee-b3af-4fde-b860-dcbfada3d951','-','')), UNHEX('e9f1c8d7765443e29a2e8adf2bbfe111'), '출금', 0, 1212973.3890, '주식거래', '2018-04-16 00:00:00', 32550777.4523),
 (UNHEX(REPLACE('0ef4dacc-b87e-4aea-b314-cd0186f2ae47','-','')), UNHEX('e9f1c8d7765443e29a2e8adf2bbfe111'), '입금', 1693140.309, 0, '주식거래', '2018-03-19 00:00:00', 33763750.8413),
 (UNHEX(REPLACE('c3439b9e-15c3-4c5c-80cd-a23db8ed089d','-','')), UNHEX('e9f1c8d7765443e29a2e8adf2bbfe111'), '입금', 2134052.2035, 0, '주식거래', '2018-02-20 00:00:00', 32070610.5323),
 (UNHEX(REPLACE('22163fa6-8798-4555-93a9-b4e3a4ce6fd8','-','')), UNHEX('e9f1c8d7765443e29a2e8adf2bbfe111'), '출금', 0, 1465336.98, '주식거래', '2018-01-22 00:00:00', 29936558.3288),
 (UNHEX(REPLACE('8fab613a-7317-427e-8a7b-a17f012c51b7','-','')), UNHEX('e9f1c8d7765443e29a2e8adf2bbfe111'), '출금', 0, 1176753.9015, '주식거래', '2017-12-26 00:00:00', 31401895.3088),
 (UNHEX(REPLACE('817b36b6-35f1-4d89-9530-416a0dc70f87','-','')), UNHEX('e9f1c8d7765443e29a2e8adf2bbfe111'), '입금', 2161868.7699, 0, '주식거래', '2017-11-27 00:00:00', 32578649.2103),
 (UNHEX(REPLACE('eb5f8496-a7ff-4a53-bab9-b6f620f109c5','-','')), UNHEX('e9f1c8d7765443e29a2e8adf2bbfe111'), '출금', 0, 2070347.2992, '주식거래', '2017-10-30 00:00:00', 30416780.4404),
 (UNHEX(REPLACE('651fbf7f-5d0a-439e-9143-be2d6c20d758','-','')), UNHEX('e9f1c8d7765443e29a2e8adf2bbfe111'), '출금', 0, 1485578.4993, '주식거래', '2017-10-02 00:00:00', 32487127.7396),
 (UNHEX(REPLACE('b047e874-a4e0-4473-a7ae-a62c0914c43b','-','')), UNHEX('e9f1c8d7765443e29a2e8adf2bbfe111'), '입금', 223636.3632, 0, '주식거래', '2017-09-05 00:00:00', 33972706.2389),
 (UNHEX(REPLACE('084c787a-c87c-4899-a0dc-2ef8432d9ce2','-','')), UNHEX('e9f1c8d7765443e29a2e8adf2bbfe111'), '출금', 0, 438248.8998, '주식거래', '2017-08-07 00:00:00', 33749069.8757),
 (UNHEX(REPLACE('1adc9fa0-4b09-4b49-9ff3-2c19b47868ec','-','')), UNHEX('e9f1c8d7765443e29a2e8adf2bbfe111'), '입금', 800609.3496, 0, '주식거래', '2017-07-10 00:00:00', 34187318.7755),
 (UNHEX(REPLACE('28657961-0460-4d43-af5a-5686908a8340','-','')), UNHEX('e9f1c8d7765443e29a2e8adf2bbfe111'), '출금', 0, 1203894.3708, '주식거래', '2017-06-12 00:00:00', 33386709.4259),
 (UNHEX(REPLACE('61f03bee-dc2a-45f5-afe0-7a6c96d18130','-','')), UNHEX('e9f1c8d7765443e29a2e8adf2bbfe111'), '입금', 1718666.424, 0, '주식거래', '2017-05-15 00:00:00', 34590603.7967),
 (UNHEX(REPLACE('b34a86b6-c71f-4980-bf28-7e848da86916','-','')), UNHEX('e9f1c8d7765443e29a2e8adf2bbfe111'), '입금', 1174173.6942, 0, '주식거래', '2017-04-17 00:00:00', 32871937.3727),
 (UNHEX(REPLACE('85dab9c7-daa9-4719-be5e-3c86edc9472e','-','')), UNHEX('e9f1c8d7765443e29a2e8adf2bbfe111'), '입금', 585555.2802, 0, '주식거래', '2017-03-20 00:00:00', 31697763.6785),
 (UNHEX(REPLACE('59cd0c07-a828-4ce3-8bd4-717f9e9a3789','-','')), UNHEX('e9f1c8d7765443e29a2e8adf2bbfe111'), '입금', 1508938.344, 0, '주식거래', '2017-02-21 00:00:00', 31112208.3983),
 (UNHEX(REPLACE('2b40f340-d6cb-4e6f-8580-b64e91756b2a','-','')), UNHEX('e9f1c8d7765443e29a2e8adf2bbfe111'), '입금', 1656851.8320, 0, '주식거래', '2017-01-23 00:00:00', 29603270.0543),
 (UNHEX(REPLACE('28adf0fc-36a0-4bc0-a336-ce884bab5090','-','')), UNHEX('e9f1c8d7765443e29a2e8adf2bbfe111'), '입금', 161794.1754, 0, '주식거래', '2016-12-27 00:00:00', 27946418.2223),
 (UNHEX(REPLACE('85784c35-8482-49d9-8ca3-0508a5e3e683','-','')), UNHEX('e9f1c8d7765443e29a2e8adf2bbfe111'), '출금', 0, 1231545.3624, '주식거래', '2016-11-28 00:00:00', 27784624.0469),
 (UNHEX(REPLACE('c1d713f3-d98d-4ac2-af72-0fce5e0a7964','-','')), UNHEX('e9f1c8d7765443e29a2e8adf2bbfe111'), '입금', 1096629.4962, 0, '주식거래', '2016-10-31 00:00:00', 29016169.4093),
 (UNHEX(REPLACE('1288b4ab-5817-476d-b685-cec72f5998b3','-','')), UNHEX('e9f1c8d7765443e29a2e8adf2bbfe111'), '입금', 1242031.7664, 0, '주식거래', '2016-10-03 00:00:00', 27919539.9131),
 (UNHEX(REPLACE('c3d27f8c-9310-4031-9b25-2dc2d938363c','-','')), UNHEX('e9f1c8d7765443e29a2e8adf2bbfe111'), '입금', 1040223.681, 0, '주식거래', '2016-09-06 00:00:00', 26677508.1467),
 (UNHEX(REPLACE('ab4241c8-88d1-4cc6-b9ae-dd119fd32168','-','')), UNHEX('e9f1c8d7765443e29a2e8adf2bbfe111'), '입금', 149527.8423, 0, '주식거래', '2016-08-08 00:00:00', 25637284.4657),
 (UNHEX(REPLACE('14ffbbf3-a033-4070-96f5-46cddec21992','-','')), UNHEX('e9f1c8d7765443e29a2e8adf2bbfe111'), '입금', 133812.0342, 0, '주식거래', '2016-07-11 00:00:00', 25487756.6234),
 (UNHEX(REPLACE('a5ca68f2-0c1d-4d5b-b920-d6b95e14c145','-','')), UNHEX('e9f1c8d7765443e29a2e8adf2bbfe111'), '입금', 537235.0344, 0, '주식거래', '2016-06-13 00:00:00', 25353944.5892),
 (UNHEX(REPLACE('b534c048-d4c0-449a-8120-b579bb5868c4','-','')), UNHEX('e9f1c8d7765443e29a2e8adf2bbfe111'), '입금', 777208.1112, 0, '주식거래', '2016-05-16 00:00:00', 24816709.5548),
 (UNHEX(REPLACE('2e828dce-3264-4ec2-b8f3-b69697377ef6','-','')), UNHEX('e9f1c8d7765443e29a2e8adf2bbfe111'), '입금', 444899.4876, 0, '주식거래', '2016-04-18 00:00:00', 24039501.4436),
 (UNHEX(REPLACE('23e5d449-1df3-4fdc-a41f-65044b535e32','-','')), UNHEX('e9f1c8d7765443e29a2e8adf2bbfe111'), '입금', 292267.1178, 0, '주식거래', '2016-03-21 00:00:00', 23594601.9560),
 (UNHEX(REPLACE('6da28de9-d19d-4cd1-b4af-ef4038d6d72a','-','')), UNHEX('e9f1c8d7765443e29a2e8adf2bbfe111'), '입금', 668370.2760, 0, '주식거래', '2016-02-22 00:00:00', 23302334.8382),
 (UNHEX(REPLACE('55f35f21-1d0d-42b1-ba20-6fa2e5cd766c','-','')), UNHEX('e9f1c8d7765443e29a2e8adf2bbfe111'), '입금', 411618.9528, 0, '주식거래', '2016-01-25 00:00:00', 22633964.5622),
 (UNHEX(REPLACE('c2116c1b-24af-4068-bbd0-7042f91c0f02','-','')), UNHEX('e9f1c8d7765443e29a2e8adf2bbfe111'), '입금', 884335.0068, 0, '주식거래', '2015-12-28 00:00:00', 22222345.6094),
 (UNHEX(REPLACE('adde2074-02dc-408e-8cd8-039ac30c7ee6','-','')), UNHEX('e9f1c8d7765443e29a2e8adf2bbfe111'), '입금', 326458.314, 0, '주식거래', '2015-11-30 00:00:00', 21338010.6026),
 (UNHEX(REPLACE('79ed4ad9-5f54-477c-b7f6-442ce5689495','-','')), UNHEX('e9f1c8d7765443e29a2e8adf2bbfe111'), '출금', 0, 1170420.6654, '주식거래', '2015-11-02 00:00:00', 21011552.2886),
 (UNHEX(REPLACE('fa542201-98c6-418f-855d-d96976509bf6','-','')), UNHEX('e9f1c8d7765443e29a2e8adf2bbfe111'), '입금', 1222825.0896, 0, '주식거래', '2015-10-05 00:00:00', 22181972.9540),
 (UNHEX(REPLACE('a831f94e-32ff-46c0-ad91-a996b88653f2','-','')), UNHEX('e9f1c8d7765443e29a2e8adf2bbfe111'), '입금', 1239713.7192, 0, '주식거래', '2015-09-08 00:00:00', 20959147.8644),
 (UNHEX(REPLACE('e71ae3b6-40cc-4d84-acf3-28ce88324590','-','')), UNHEX('e9f1c8d7765443e29a2e8adf2bbfe111'), '출금', 0, 660753.8352, '주식거래', '2015-08-10 00:00:00', 19719434.1452),
 (UNHEX(REPLACE('710e5bc9-f5f4-4abc-bc15-9355c485b1c7','-','')), UNHEX('e9f1c8d7765443e29a2e8adf2bbfe111'), '입금', 866922.0570, 0, '주식거래', '2015-07-13 00:00:00', 20380187.9804),
 (UNHEX(REPLACE('fc7cba0c-f4da-4bca-aa08-0a77e935fb4a','-','')), UNHEX('e9f1c8d7765443e29a2e8adf2bbfe111'), '입금', 175122.9468, 0, '주식거래', '2015-06-15 00:00:00', 19513265.9234),
 (UNHEX(REPLACE('a2248816-eefe-4909-8af3-c2a3b6ddcc8b','-','')), UNHEX('e9f1c8d7765443e29a2e8adf2bbfe111'), '입금', 898174.3005, 0, '주식거래', '2015-05-18 00:00:00', 19338142.9766),
 (UNHEX(REPLACE('5025bebb-9b96-47ff-b0c8-2a9d05fe2f46','-','')), UNHEX('e9f1c8d7765443e29a2e8adf2bbfe111'), '입금', 1056367.224, 0, '주식거래', '2015-04-20 00:00:00', 18439968.6761),
 (UNHEX(REPLACE('89da0b18-9634-44f6-9531-a524b244a905','-','')), UNHEX('e9f1c8d7765443e29a2e8adf2bbfe111'), '입금', 1404184.6872, 0, '주식거래', '2015-03-23 00:00:00', 17383601.4521),
 (UNHEX(REPLACE('7c1f309c-620a-4b28-9359-5568e9b381fa','-','')), UNHEX('e9f1c8d7765443e29a2e8adf2bbfe111'), '입금', 183512.07, 0, '주식거래', '2015-02-23 00:00:00', 15979416.7649),
 (UNHEX(REPLACE('3178d7c1-209f-4660-b966-33ef1349e6e5','-','')), UNHEX('e9f1c8d7765443e29a2e8adf2bbfe111'), '출금', 0, 936325.494, '주식거래', '2015-01-26 00:00:00', 15795904.6949),
 (UNHEX(REPLACE('7ceaff9a-6bbc-4f54-b026-b1a749843533','-','')), UNHEX('e9f1c8d7765443e29a2e8adf2bbfe111'), '출금', 0, 1571718.7890, '주식거래', '2014-12-29 00:00:00', 16732230.1889),
 (UNHEX(REPLACE('a7285935-fd96-4532-b684-fe536ba9663e','-','')), UNHEX('e9f1c8d7765443e29a2e8adf2bbfe111'), '출금', 0, 1111407.0471, '주식거래', '2014-12-01 00:00:00', 18303948.9779),
 (UNHEX(REPLACE('2763e017-aab9-4066-93f8-ad960287f7e7','-','')), UNHEX('e9f1c8d7765443e29a2e8adf2bbfe111'), '입금', 754745.130, 0, '주식거래', '2014-11-03 00:00:00', 19415356.0250),
 (UNHEX(REPLACE('3d190895-9c81-4d77-9afe-a6190e2dc2ff','-','')), UNHEX('e9f1c8d7765443e29a2e8adf2bbfe111'), '입금', 412364.0394, 0, '주식거래', '2014-10-06 00:00:00', 18660610.8950),
 (UNHEX(REPLACE('c5645eb7-3c37-4e62-8de2-19ca151ee5a0','-','')), UNHEX('e9f1c8d7765443e29a2e8adf2bbfe111'), '입금', 1221445.2996, 0, '주식거래', '2014-09-08 00:00:00', 18248246.8556),
 (UNHEX(REPLACE('72a06403-bee3-4781-90d5-b31465a565bc','-','')), UNHEX('e9f1c8d7765443e29a2e8adf2bbfe111'), '입금', 662230.2105, 0, '주식거래', '2014-08-11 00:00:00', 17026801.5560),
 (UNHEX(REPLACE('e46fe240-e32e-4648-98d5-973003bf195f','-','')), UNHEX('e9f1c8d7765443e29a2e8adf2bbfe111'), '입금', 1064645.9640, 0, '주식거래', '2014-07-14 00:00:00', 16364571.3455),
 (UNHEX(REPLACE('6b072533-b650-4b56-9352-07a891d28247','-','')), UNHEX('e9f1c8d7765443e29a2e8adf2bbfe111'), '입금', 381649.914, 0, '주식거래', '2014-06-16 00:00:00', 15299925.3815),
 (UNHEX(REPLACE('da480ccd-db41-4f65-aff3-d968f9074fd1','-','')), UNHEX('e9f1c8d7765443e29a2e8adf2bbfe111'), '출금', 0, 5839450.6527, '주식거래', '2014-05-19 00:00:00', 14918275.4675),
 (UNHEX(REPLACE('f9bb2f38-8e7d-49f5-9943-a82f4f942ebe','-','')), UNHEX('e9f1c8d7765443e29a2e8adf2bbfe111'), '입금', 7329047.100480, 0, '주식거래', '2014-04-21 00:00:00', 20757726.1202),
 (UNHEX(REPLACE('e938ac90-e0a7-4709-8114-2ec8f14bfa55','-','')), UNHEX('e9f1c8d7765443e29a2e8adf2bbfe111'), '출금', 0, 1487939.044032, '주식거래', '2014-03-24 00:00:00', 13428679.019720),
 (UNHEX(REPLACE('f1525636-5499-47e1-b4a5-f1ff1c70c3ea','-','')), UNHEX('e9f1c8d7765443e29a2e8adf2bbfe111'), '출금', 0, 4367455.909992, '주식거래', '2014-02-24 00:00:00', 14916618.063752),
 (UNHEX(REPLACE('47e675b3-c8c9-4528-a453-9d1b8b327486','-','')), UNHEX('e9f1c8d7765443e29a2e8adf2bbfe111'), '입금', 5317016.901588, 0, '주식거래', '2014-01-27 00:00:00', 19284073.973744);

INSERT INTO stock_transaction(transaction_no, stock_isin, quantity) VALUES (UNHEX(REPLACE('56a0004c-0795-42b1-bc7b-052ceac92102','-','')), 'US0378331005', 5),
 (UNHEX(REPLACE('150b53e9-8ae4-45d9-a083-842cae136720','-','')), 'US0378331005', 3),
 (UNHEX(REPLACE('6a79905b-f4ac-4145-bb5b-b30e92fac47c','-','')), 'US0378331005', 5),
 (UNHEX(REPLACE('4913778b-4ed2-462c-a80c-1a3868d4f859','-','')), 'US0378331005', 8),
 (UNHEX(REPLACE('5283771c-514d-49e6-9a2c-303b10d5dcf4','-','')), 'US0378331005', 4),
 (UNHEX(REPLACE('958ca94c-33ab-4b94-b876-12dc849fd76a','-','')), 'US0378331005', 9),
 (UNHEX(REPLACE('c96d1ecd-efa4-4ff8-874b-356a3f366809','-','')), 'US0378331005', -9),
 (UNHEX(REPLACE('c866c19c-6ef6-4003-aed7-7e6788a8c660','-','')), 'US0378331005', -7),
 (UNHEX(REPLACE('fefe2026-842b-4830-b615-fb13f2cb779d','-','')), 'US0378331005', 10),
 (UNHEX(REPLACE('9c9c5d7a-5d87-4029-a935-51377d404be2','-','')), 'US0378331005', 7),
 (UNHEX(REPLACE('dff62aef-b1d1-40d0-b467-16f2ccfce445','-','')), 'US0378331005', 10),
 (UNHEX(REPLACE('912ad16f-6b60-4964-bf34-4ad5a01cee5a','-','')), 'US0378331005', -10),
 (UNHEX(REPLACE('22798503-93b1-4a7c-9871-8980024059e4','-','')), 'US0378331005', -10),
 (UNHEX(REPLACE('4d8e6d71-9f3f-47a7-804e-fc729931f140','-','')), 'US0378331005', -5),
 (UNHEX(REPLACE('90d77a07-f4b6-4dfe-a7ef-83037383d509','-','')), 'US0378331005', -10),
 (UNHEX(REPLACE('ce3bd4bf-2d27-42e6-abc7-00c14103cb02','-','')), 'US0378331005', 3),
 (UNHEX(REPLACE('2bb25e2b-9b0a-401a-940d-fd8d6b3a8cfa','-','')), 'US0378331005', 3),
 (UNHEX(REPLACE('00330d24-9b76-4efa-b86d-4ab90502e493','-','')), 'US0378331005', -2),
 (UNHEX(REPLACE('348ece7b-359a-4c1f-88f8-aec8bc7b16b1','-','')), 'US0378331005', -5),
 (UNHEX(REPLACE('542c4d4c-4266-46e2-bd04-e20a79b73bc9','-','')), 'US0378331005', 5),
 (UNHEX(REPLACE('bca2fc64-1179-472d-ae32-688a4f41cc3b','-','')), 'US0378331005', 1),
 (UNHEX(REPLACE('1cd388f7-2ed2-4eac-a355-b7c47c55a533','-','')), 'US0378331005', -6),
 (UNHEX(REPLACE('a515034c-0e34-415c-b087-a182bee20324','-','')), 'US0378331005', -3),
 (UNHEX(REPLACE('c8de2cfd-89dc-4bf1-9166-dbe9ae758e63','-','')), 'US0378331005', -10),
 (UNHEX(REPLACE('966506c6-9168-4e80-8fde-01addc4ffbe1','-','')), 'US0378331005', -5),
 (UNHEX(REPLACE('ce615d70-934c-468b-9496-57a003b7dc72','-','')), 'US0378331005', 5),
 (UNHEX(REPLACE('5471da57-9a36-4fa7-acf5-94d189485460','-','')), 'US0378331005', 9),
 (UNHEX(REPLACE('42e5eb3a-ec45-40ed-b739-cc92c4b56f2c','-','')), 'US0378331005', 1),
 (UNHEX(REPLACE('49f280d9-d396-412f-a941-2e78847c089a','-','')), 'US0378331005', 2),
 (UNHEX(REPLACE('59a9c8b0-af34-4088-b854-aedc0923be76','-','')), 'US0378331005', 2),
 (UNHEX(REPLACE('75cc613a-de40-4c93-868e-25e7034d7ef2','-','')), 'US0378331005', 2),
 (UNHEX(REPLACE('bbe04eff-a359-4726-b224-a23203da4da8','-','')), 'US0378331005', 10),
 (UNHEX(REPLACE('c66fbce9-999b-4b55-9d46-7c7608b942d4','-','')), 'US0378331005', -10),
 (UNHEX(REPLACE('23e354f2-69e6-4fe4-9ace-c9b350e63839','-','')), 'US0378331005', -7),
 (UNHEX(REPLACE('6534a409-a0e2-4de4-a9f0-6b4eab94998c','-','')), 'US0378331005', -9),
 (UNHEX(REPLACE('21d05e21-e3e5-4817-9e13-627429ff64a2','-','')), 'US0378331005', 2),
 (UNHEX(REPLACE('0f6b915b-abbf-41de-b60c-9c3d2cdce02b','-','')), 'US0378331005', 8),
 (UNHEX(REPLACE('69a66600-6f49-45a4-8651-feddc0d76961','-','')), 'US0378331005', 8),
 (UNHEX(REPLACE('23f3f692-78f3-401e-9ad8-30125789aa92','-','')), 'US0378331005', 9),
 (UNHEX(REPLACE('550e055b-ad73-47ef-ba46-fbf953ee1142','-','')), 'US0378331005', 1),
 (UNHEX(REPLACE('9ffcf90a-d107-4e91-9b07-8d78264290cc','-','')), 'US0378331005', -5),
 (UNHEX(REPLACE('f84a61d1-35b0-4ab5-8e29-9cc88a150c92','-','')), 'US0378331005', 7),
 (UNHEX(REPLACE('b295c1f1-6966-4cc7-ae08-a47298dc992d','-','')), 'US0378331005', -6),
 (UNHEX(REPLACE('c95fb221-78bc-4673-ba58-5fe2a0164a93','-','')), 'US0378331005', 6),
 (UNHEX(REPLACE('8d3757d3-c2a5-4386-b358-a3c1f4c85e22','-','')), 'US0378331005', -7),
 (UNHEX(REPLACE('b4b177a6-1f9e-46b1-bdd0-9bf142591aca','-','')), 'US0378331005', -10),
 (UNHEX(REPLACE('734750f1-13da-4e98-98c8-56bf12cf9afd','-','')), 'US0378331005', -8),
 (UNHEX(REPLACE('89d23485-f719-4039-a752-84a90ca4d7bc','-','')), 'US0378331005', -4),
 (UNHEX(REPLACE('2369f701-0ea5-438a-8e68-a65760ab5bcc','-','')), 'US0378331005', -3),
 (UNHEX(REPLACE('4e7f661c-28fa-4d20-86b6-3bd9daffdd0a','-','')), 'US0378331005', 2),
 (UNHEX(REPLACE('12ed4d67-69cd-4455-9a83-c797a2dceae1','-','')), 'US0378331005', -1),
 (UNHEX(REPLACE('87af9504-6777-4951-868b-429c478da1fe','-','')), 'US0378331005', 3),
 (UNHEX(REPLACE('b51be4c8-fe4d-4246-aa77-ed0a2d8924df','-','')), 'US0378331005', 8),
 (UNHEX(REPLACE('21e4d1ea-776a-45ac-ab19-f3cfe37e7e3e','-','')), 'US0378331005', 10),
 (UNHEX(REPLACE('11d23471-065e-4bf5-a42e-0a3e00c6a82f','-','')), 'US0378331005', -6),
 (UNHEX(REPLACE('914680ce-5186-4b61-9c49-ef6ea2246ab5','-','')), 'US0378331005', 6),
 (UNHEX(REPLACE('8b7e5912-91b6-446d-bcff-5e57acce7454','-','')), 'US0378331005', 9),
 (UNHEX(REPLACE('55b5ff14-9d65-43cb-95d3-10fde83a1df2','-','')), 'US0378331005', -2),
 (UNHEX(REPLACE('47745459-2dbb-4754-9b19-32cbefc40d59','-','')), 'US0378331005', 10),
 (UNHEX(REPLACE('d3866b43-fd4c-426b-97ae-500450ad6bb1','-','')), 'US0378331005', -1),
 (UNHEX(REPLACE('9636f5e2-4186-4f68-9fa0-bf974e30a418','-','')), 'US0378331005', -6),
 (UNHEX(REPLACE('7629d910-e3f9-4177-88d3-7ef011183911','-','')), 'US0378331005', -6),
 (UNHEX(REPLACE('a04bc8be-961d-4870-9d17-8d0a00fab21f','-','')), 'US0378331005', 7),
 (UNHEX(REPLACE('b4a161c1-5b87-4917-94a9-2a7f39a7b0f7','-','')), 'US0378331005', 7),
 (UNHEX(REPLACE('c8162d2c-20a8-4298-9c19-de306b5c23f3','-','')), 'US0378331005', -2),
 (UNHEX(REPLACE('9c8d00f4-106b-42e1-8ee0-f7ca56467e3b','-','')), 'US0378331005', 10),
 (UNHEX(REPLACE('6f04baef-e18c-478f-8cdc-77af96617bbf','-','')), 'US0378331005', -5),
 (UNHEX(REPLACE('3afc3a27-607b-4723-ad44-d17d5fe4656d','-','')), 'US0378331005', 10),
 (UNHEX(REPLACE('67a2fe09-a4ed-4955-82b0-bf8e608c2409','-','')), 'US0378331005', 6),
 (UNHEX(REPLACE('3bf20891-9d11-4c9d-a439-2a16b662310c','-','')), 'US0378331005', 10),
 (UNHEX(REPLACE('453c0d6d-83a0-4602-b255-c1e0dd0b9d76','-','')), 'US0378331005', 1),
 (UNHEX(REPLACE('2234a421-d22d-40e7-9613-23f8e54ede45','-','')), 'US0378331005', 7),
 (UNHEX(REPLACE('a7984de8-09f4-4580-8085-0bbdcc6ec67b','-','')), 'US0378331005', 6),
 (UNHEX(REPLACE('8304cbf8-49e5-4c61-bd15-ef755dfc6f93','-','')), 'US0378331005', 3),
 (UNHEX(REPLACE('3ab78309-1897-449f-af95-40432c7f5a9b','-','')), 'US0378331005', 4),
 (UNHEX(REPLACE('46d24ff9-7ba1-4be1-a1bc-4e613a38e43e','-','')), 'US0378331005', 4),
 (UNHEX(REPLACE('dcb3275a-b79f-4928-9c23-bd2586587fdb','-','')), 'US0378331005', -6),
 (UNHEX(REPLACE('ee6bfdd7-a1e7-4e75-9989-70abcf15e812','-','')), 'US0378331005', 10),
 (UNHEX(REPLACE('3bc32140-435d-4d1f-9ae3-b366ccb2715d','-','')), 'US0378331005', -3),
 (UNHEX(REPLACE('f3d1db86-f055-43c2-9d31-cb1ff7574c55','-','')), 'US0378331005', 4),
 (UNHEX(REPLACE('41653f62-4244-4342-b9cd-0bafc5cbc5d0','-','')), 'US0378331005', 5),
 (UNHEX(REPLACE('4be8a745-b84b-406c-838b-50d4103fafef','-','')), 'US0378331005', -5),
 (UNHEX(REPLACE('7edf012c-39a0-41e7-bf20-7abd7dac4e28','-','')), 'US0378331005', 3),
 (UNHEX(REPLACE('b8d8e282-ff7e-4bd4-b41d-2349e738e61f','-','')), 'US0378331005', -2),
 (UNHEX(REPLACE('8cd66ba3-b3e5-4764-96ab-de3cad79f515','-','')), 'US0378331005', -10),
 (UNHEX(REPLACE('04b3d475-c962-4897-beee-614f37f1af92','-','')), 'US0378331005', -5),
 (UNHEX(REPLACE('df2c2077-df92-42c4-8a4e-1bbcdf32b250','-','')), 'US0378331005', 5),
 (UNHEX(REPLACE('24f0823d-4f35-41b9-a4a3-4f92f41923c0','-','')), 'US0378331005', -6),
 (UNHEX(REPLACE('7b160ec1-821f-4232-9710-f68f641eb8f2','-','')), 'US0378331005', 7),
 (UNHEX(REPLACE('ddd5fce2-6cda-4fa1-8bfa-af1aa522faf0','-','')), 'US0378331005', -1),
 (UNHEX(REPLACE('fe9e6915-709e-4831-ac6b-fee0f953bd8e','-','')), 'US0378331005', -2),
 (UNHEX(REPLACE('f0885d21-ff7c-46be-b3e7-5340f36b444b','-','')), 'US0378331005', 1),
 (UNHEX(REPLACE('91e5cbf4-09b7-4ecb-8f4f-9ec858f3eebb','-','')), 'US0378331005', -10),
 (UNHEX(REPLACE('fcafaf31-963b-4a5e-9af1-5595da749542','-','')), 'US0378331005', 4),
 (UNHEX(REPLACE('9f0f7276-9233-4c5f-a305-419614b44029','-','')), 'US0378331005', -6),
 (UNHEX(REPLACE('37be31ee-b3af-4fde-b860-dcbfada3d951','-','')), 'US0378331005', 5),
 (UNHEX(REPLACE('0ef4dacc-b87e-4aea-b314-cd0186f2ae47','-','')), 'US0378331005', -7),
 (UNHEX(REPLACE('c3439b9e-15c3-4c5c-80cd-a23db8ed089d','-','')), 'US0378331005', -9),
 (UNHEX(REPLACE('22163fa6-8798-4555-93a9-b4e3a4ce6fd8','-','')), 'US0378331005', 6),
 (UNHEX(REPLACE('8fab613a-7317-427e-8a7b-a17f012c51b7','-','')), 'US0378331005', 5),
 (UNHEX(REPLACE('817b36b6-35f1-4d89-9530-416a0dc70f87','-','')), 'US0378331005', -9),
 (UNHEX(REPLACE('eb5f8496-a7ff-4a53-bab9-b6f620f109c5','-','')), 'US0378331005', 9),
 (UNHEX(REPLACE('651fbf7f-5d0a-439e-9143-be2d6c20d758','-','')), 'US0378331005', 7),
 (UNHEX(REPLACE('b047e874-a4e0-4473-a7ae-a62c0914c43b','-','')), 'US0378331005', -1),
 (UNHEX(REPLACE('084c787a-c87c-4899-a0dc-2ef8432d9ce2','-','')), 'US0378331005', 2),
 (UNHEX(REPLACE('1adc9fa0-4b09-4b49-9ff3-2c19b47868ec','-','')), 'US0378331005', -4),
 (UNHEX(REPLACE('28657961-0460-4d43-af5a-5686908a8340','-','')), 'US0378331005', 6),
 (UNHEX(REPLACE('61f03bee-dc2a-45f5-afe0-7a6c96d18130','-','')), 'US0378331005', -8),
 (UNHEX(REPLACE('b34a86b6-c71f-4980-bf28-7e848da86916','-','')), 'US0378331005', -6),
 (UNHEX(REPLACE('85dab9c7-daa9-4719-be5e-3c86edc9472e','-','')), 'US0378331005', -3),
 (UNHEX(REPLACE('59cd0c07-a828-4ce3-8bd4-717f9e9a3789','-','')), 'US0378331005', -8),
 (UNHEX(REPLACE('2b40f340-d6cb-4e6f-8580-b64e91756b2a','-','')), 'US0378331005', -10),
 (UNHEX(REPLACE('28adf0fc-36a0-4bc0-a336-ce884bab5090','-','')), 'US0378331005', -1),
 (UNHEX(REPLACE('85784c35-8482-49d9-8ca3-0508a5e3e683','-','')), 'US0378331005', 8),
 (UNHEX(REPLACE('c1d713f3-d98d-4ac2-af72-0fce5e0a7964','-','')), 'US0378331005', -7),
 (UNHEX(REPLACE('1288b4ab-5817-476d-b685-cec72f5998b3','-','')), 'US0378331005', -8),
 (UNHEX(REPLACE('c3d27f8c-9310-4031-9b25-2dc2d938363c','-','')), 'US0378331005', -7),
 (UNHEX(REPLACE('ab4241c8-88d1-4cc6-b9ae-dd119fd32168','-','')), 'US0378331005', -1),
 (UNHEX(REPLACE('14ffbbf3-a033-4070-96f5-46cddec21992','-','')), 'US0378331005', -1),
 (UNHEX(REPLACE('a5ca68f2-0c1d-4d5b-b920-d6b95e14c145','-','')), 'US0378331005', -4),
 (UNHEX(REPLACE('b534c048-d4c0-449a-8120-b579bb5868c4','-','')), 'US0378331005', -6),
 (UNHEX(REPLACE('2e828dce-3264-4ec2-b8f3-b69697377ef6','-','')), 'US0378331005', -3),
 (UNHEX(REPLACE('23e5d449-1df3-4fdc-a41f-65044b535e32','-','')), 'US0378331005', -2),
 (UNHEX(REPLACE('6da28de9-d19d-4cd1-b4af-ef4038d6d72a','-','')), 'US0378331005', -5),
 (UNHEX(REPLACE('55f35f21-1d0d-42b1-ba20-6fa2e5cd766c','-','')), 'US0378331005', -3),
 (UNHEX(REPLACE('c2116c1b-24af-4068-bbd0-7042f91c0f02','-','')), 'US0378331005', -6),
 (UNHEX(REPLACE('adde2074-02dc-408e-8cd8-039ac30c7ee6','-','')), 'US0378331005', -2),
 (UNHEX(REPLACE('79ed4ad9-5f54-477c-b7f6-442ce5689495','-','')), 'US0378331005', 7),
 (UNHEX(REPLACE('fa542201-98c6-418f-855d-d96976509bf6','-','')), 'US0378331005', -8),
 (UNHEX(REPLACE('a831f94e-32ff-46c0-ad91-a996b88653f2','-','')), 'US0378331005', -8),
 (UNHEX(REPLACE('e71ae3b6-40cc-4d84-acf3-28ce88324590','-','')), 'US0378331005', 4),
 (UNHEX(REPLACE('710e5bc9-f5f4-4abc-bc15-9355c485b1c7','-','')), 'US0378331005', -5),
 (UNHEX(REPLACE('fc7cba0c-f4da-4bca-aa08-0a77e935fb4a','-','')), 'US0378331005', -1),
 (UNHEX(REPLACE('a2248816-eefe-4909-8af3-c2a3b6ddcc8b','-','')), 'US0378331005', -5),
 (UNHEX(REPLACE('5025bebb-9b96-47ff-b0c8-2a9d05fe2f46','-','')), 'US0378331005', -6),
 (UNHEX(REPLACE('89da0b18-9634-44f6-9531-a524b244a905','-','')), 'US0378331005', -8),
 (UNHEX(REPLACE('7c1f309c-620a-4b28-9359-5568e9b381fa','-','')), 'US0378331005', -1),
 (UNHEX(REPLACE('3178d7c1-209f-4660-b966-33ef1349e6e5','-','')), 'US0378331005', 6),
 (UNHEX(REPLACE('7ceaff9a-6bbc-4f54-b026-b1a749843533','-','')), 'US0378331005', 10),
 (UNHEX(REPLACE('a7285935-fd96-4532-b684-fe536ba9663e','-','')), 'US0378331005', 7),
 (UNHEX(REPLACE('2763e017-aab9-4066-93f8-ad960287f7e7','-','')), 'US0378331005', -5),
 (UNHEX(REPLACE('3d190895-9c81-4d77-9afe-a6190e2dc2ff','-','')), 'US0378331005', -3),
 (UNHEX(REPLACE('c5645eb7-3c37-4e62-8de2-19ca151ee5a0','-','')), 'US0378331005', -9),
 (UNHEX(REPLACE('72a06403-bee3-4781-90d5-b31465a565bc','-','')), 'US0378331005', -5),
 (UNHEX(REPLACE('e46fe240-e32e-4648-98d5-973003bf195f','-','')), 'US0378331005', -8),
 (UNHEX(REPLACE('6b072533-b650-4b56-9352-07a891d28247','-','')), 'US0378331005', -3),
 (UNHEX(REPLACE('da480ccd-db41-4f65-aff3-d968f9074fd1','-','')), 'US0378331005', 7),
 (UNHEX(REPLACE('f9bb2f38-8e7d-49f5-9943-a82f4f942ebe','-','')), 'US0378331005', -10),
 (UNHEX(REPLACE('e938ac90-e0a7-4709-8114-2ec8f14bfa55','-','')), 'US0378331005', 2),
 (UNHEX(REPLACE('f1525636-5499-47e1-b4a5-f1ff1c70c3ea','-','')), 'US0378331005', 6),
 (UNHEX(REPLACE('47e675b3-c8c9-4528-a453-9d1b8b327486','-','')), 'US0378331005', -7);

INSERT INTO transaction(transaction_no, bank_account_uid, counter_account, income, outcome, category, time, after_balance) VALUES (UNHEX(REPLACE('25354dc0-e252-48ee-b8db-828dfca6f990','-','')), UNHEX('e9f1c8d7765443e29a2e8adf2bbfe113'), '출금', 0, 774000, '주식거래', '2025-08-01 00:00:00', 10000000),
 (UNHEX(REPLACE('e5448903-157b-42db-bb5e-56cd668033c9','-','')), UNHEX('e9f1c8d7765443e29a2e8adf2bbfe113'), '출금', 0, 1953000, '주식거래', '2025-07-02 00:00:00', 10774000),
 (UNHEX(REPLACE('8004fe83-b632-4570-857b-907013686056','-','')), UNHEX('e9f1c8d7765443e29a2e8adf2bbfe113'), '출금', 0, 1037500, '주식거래', '2025-06-02 00:00:00', 12727000),
 (UNHEX(REPLACE('8ce8da26-e56e-4288-bbc1-64b5cd760aa9','-','')), UNHEX('e9f1c8d7765443e29a2e8adf2bbfe113'), '출금', 0, 763200, '주식거래', '2025-05-07 00:00:00', 13764500),
 (UNHEX(REPLACE('d64078b0-31b3-41cf-8f30-19b4dd1c03a8','-','')), UNHEX('e9f1c8d7765443e29a2e8adf2bbfe113'), '입금', 988800, 0, '주식거래', '2025-04-07 00:00:00', 14527700),
 (UNHEX(REPLACE('b6d291db-27b9-49b5-8be1-322b8fef0319','-','')), UNHEX('e9f1c8d7765443e29a2e8adf2bbfe113'), '입금', 1127400, 0, '주식거래', '2025-03-10 00:00:00', 13538900),
 (UNHEX(REPLACE('ed6f0bf2-8109-49c7-97cb-cebf3781937e','-','')), UNHEX('e9f1c8d7765443e29a2e8adf2bbfe113'), '출금', 0, 1188600, '주식거래', '2025-02-10 00:00:00', 12411500),
 (UNHEX(REPLACE('4d9c34da-2013-454e-bcfd-e8fbced38f1b','-','')), UNHEX('e9f1c8d7765443e29a2e8adf2bbfe113'), '출금', 0, 1360100, '주식거래', '2025-01-13 00:00:00', 13600100),
 (UNHEX(REPLACE('1d750dba-9822-4756-aafa-93078dd5d84a','-','')), UNHEX('e9f1c8d7765443e29a2e8adf2bbfe113'), '입금', 1255100, 0, '주식거래', '2024-12-16 00:00:00', 14960200),
 (UNHEX(REPLACE('5750472a-bbc9-468c-891f-6b9c06022933','-','')), UNHEX('e9f1c8d7765443e29a2e8adf2bbfe113'), '출금', 0, 858500, '주식거래', '2024-11-18 00:00:00', 13705100),
 (UNHEX(REPLACE('dfd9ff85-0a4e-46cf-8865-caee2f360e82','-','')), UNHEX('e9f1c8d7765443e29a2e8adf2bbfe113'), '출금', 0, 190900, '주식거래', '2024-10-21 00:00:00', 14563600),
 (UNHEX(REPLACE('5ad3f81a-f9d1-4f0f-af11-6ba985fc5723','-','')), UNHEX('e9f1c8d7765443e29a2e8adf2bbfe113'), '출금', 0, 486000, '주식거래', '2024-09-23 00:00:00', 14754500),
 (UNHEX(REPLACE('1ffc8244-dda2-4e94-92b8-c89a53bdb7aa','-','')), UNHEX('e9f1c8d7765443e29a2e8adf2bbfe113'), '출금', 0, 359200, '주식거래', '2024-08-26 00:00:00', 15240500),
 (UNHEX(REPLACE('f72e177d-a0cd-4ea6-8bc7-407baf5da94b','-','')), UNHEX('e9f1c8d7765443e29a2e8adf2bbfe113'), '입금', 1760400, 0, '주식거래', '2024-07-29 00:00:00', 15599700),
 (UNHEX(REPLACE('204ea500-f08f-4ea0-b8da-b4f283f23716','-','')), UNHEX('e9f1c8d7765443e29a2e8adf2bbfe113'), '출금', 0, 706500, '주식거래', '2024-07-01 00:00:00', 13839300),
 (UNHEX(REPLACE('d1e203d2-a92a-4861-a7fe-2b0311758ee2','-','')), UNHEX('e9f1c8d7765443e29a2e8adf2bbfe113'), '입금', 1165200, 0, '주식거래', '2024-06-03 00:00:00', 14545800),
 (UNHEX(REPLACE('840d5764-89cb-4d46-82ff-381c7aff780f','-','')), UNHEX('e9f1c8d7765443e29a2e8adf2bbfe113'), '입금', 1077600, 0, '주식거래', '2024-05-07 00:00:00', 13380600),
 (UNHEX(REPLACE('e504fcc4-7efc-4275-bbdc-2e3ba4d1c6ff','-','')), UNHEX('e9f1c8d7765443e29a2e8adf2bbfe113'), '출금', 0, 1812000, '주식거래', '2024-04-08 00:00:00', 12303000),
 (UNHEX(REPLACE('9cba4bfb-15cb-448f-8e2f-548e528d79bb','-','')), UNHEX('e9f1c8d7765443e29a2e8adf2bbfe113'), '출금', 0, 1666000, '주식거래', '2024-03-11 00:00:00', 14115000),
 (UNHEX(REPLACE('c7f6b168-9d7d-451e-9ac7-dd60dc917d47','-','')), UNHEX('e9f1c8d7765443e29a2e8adf2bbfe113'), '출금', 0, 1350000, '주식거래', '2024-02-13 00:00:00', 15781000),
 (UNHEX(REPLACE('53e2b20b-16f5-4e8d-8d50-2e10ca5fcf5f','-','')), UNHEX('e9f1c8d7765443e29a2e8adf2bbfe113'), '입금', 804600, 0, '주식거래', '2024-01-15 00:00:00', 17131000),
 (UNHEX(REPLACE('690210e7-25de-4e48-abe8-5d76e89bc50b','-','')), UNHEX('e9f1c8d7765443e29a2e8adf2bbfe113'), '입금', 280000, 0, '주식거래', '2023-12-18 00:00:00', 16326400),
 (UNHEX(REPLACE('6a7a2122-e407-480d-a37c-bea06b1a1b1d','-','')), UNHEX('e9f1c8d7765443e29a2e8adf2bbfe113'), '입금', 131400, 0, '주식거래', '2023-11-20 00:00:00', 16046400),
 (UNHEX(REPLACE('8556891c-7789-4247-9ef1-2c32ecb32487','-','')), UNHEX('e9f1c8d7765443e29a2e8adf2bbfe113'), '출금', 0, 372000, '주식거래', '2023-10-23 00:00:00', 15915000),
 (UNHEX(REPLACE('cfc1a368-ba66-4c9e-aa15-7e1abad44dfa','-','')), UNHEX('e9f1c8d7765443e29a2e8adf2bbfe113'), '입금', 351000, 0, '주식거래', '2023-09-25 00:00:00', 16287000),
 (UNHEX(REPLACE('e1f5d96f-cb49-4e63-9b4c-e8b5e349bbf5','-','')), UNHEX('e9f1c8d7765443e29a2e8adf2bbfe113'), '출금', 0, 927200, '주식거래', '2023-08-28 00:00:00', 15936000),
 (UNHEX(REPLACE('4e1836a1-5209-45cd-8821-c0b591e1cffb','-','')), UNHEX('e9f1c8d7765443e29a2e8adf2bbfe113'), '출금', 0, 123400, '주식거래', '2023-07-31 00:00:00', 16863200),
 (UNHEX(REPLACE('1908412a-5dd7-4762-b7f1-2f314090e1fb','-','')), UNHEX('e9f1c8d7765443e29a2e8adf2bbfe113'), '출금', 0, 1176000, '주식거래', '2023-07-03 00:00:00', 16986600),
 (UNHEX(REPLACE('efb82bac-16b3-4445-b5c0-375a36e0b995','-','')), UNHEX('e9f1c8d7765443e29a2e8adf2bbfe113'), '입금', 217400, 0, '주식거래', '2023-06-05 00:00:00', 18162600),
 (UNHEX(REPLACE('7037d149-9124-488d-a8d1-364ee182042e','-','')), UNHEX('e9f1c8d7765443e29a2e8adf2bbfe113'), '출금', 0, 887000, '주식거래', '2023-05-08 00:00:00', 17945200),
 (UNHEX(REPLACE('c4adc96b-3904-42c9-918c-56761947f3ee','-','')), UNHEX('e9f1c8d7765443e29a2e8adf2bbfe113'), '입금', 816300, 0, '주식거래', '2023-04-10 00:00:00', 18832200),
 (UNHEX(REPLACE('600db0a8-1f77-4b85-95bc-371cf3d4fdf9','-','')), UNHEX('e9f1c8d7765443e29a2e8adf2bbfe113'), '입금', 674400, 0, '주식거래', '2023-03-13 00:00:00', 18015900),
 (UNHEX(REPLACE('34db1692-4907-4644-ad58-bad9445f4464','-','')), UNHEX('e9f1c8d7765443e29a2e8adf2bbfe113'), '출금', 0, 90600, '주식거래', '2023-02-13 00:00:00', 17341500),
 (UNHEX(REPLACE('89d49782-caef-46b3-b1a9-150739b93853','-','')), UNHEX('e9f1c8d7765443e29a2e8adf2bbfe113'), '입금', 85800, 0, '주식거래', '2023-01-16 00:00:00', 17432100),
 (UNHEX(REPLACE('e56328ee-d0c1-4021-bbc0-51764ca720c1','-','')), UNHEX('e9f1c8d7765443e29a2e8adf2bbfe113'), '출금', 0, 237000, '주식거래', '2022-12-19 00:00:00', 17346300),
 (UNHEX(REPLACE('f38869a3-eab3-48c8-886f-21be27495e2e','-','')), UNHEX('e9f1c8d7765443e29a2e8adf2bbfe113'), '입금', 776700, 0, '주식거래', '2022-11-21 00:00:00', 17583300),
 (UNHEX(REPLACE('b61098d9-59e2-4eb8-b980-3318f753f85f','-','')), UNHEX('e9f1c8d7765443e29a2e8adf2bbfe113'), '입금', 459000, 0, '주식거래', '2022-10-24 00:00:00', 16806600),
 (UNHEX(REPLACE('3785031c-9914-45dd-a72c-a1759aee1af2','-','')), UNHEX('e9f1c8d7765443e29a2e8adf2bbfe113'), '입금', 412500, 0, '주식거래', '2022-09-26 00:00:00', 16347600),
 (UNHEX(REPLACE('15b59ed2-b9ea-46eb-a571-b9591997e898','-','')), UNHEX('e9f1c8d7765443e29a2e8adf2bbfe113'), '입금', 370000, 0, '주식거래', '2022-08-29 00:00:00', 15935100),
 (UNHEX(REPLACE('b632b1c5-24cd-4cec-a9f3-19aed7e013d4','-','')), UNHEX('e9f1c8d7765443e29a2e8adf2bbfe113'), '입금', 971000, 0, '주식거래', '2022-08-01 00:00:00', 15565100),
 (UNHEX(REPLACE('56375479-652c-414f-82ec-38fcc91ca425','-','')), UNHEX('e9f1c8d7765443e29a2e8adf2bbfe113'), '입금', 891000, 0, '주식거래', '2022-07-04 00:00:00', 14594100),
 (UNHEX(REPLACE('4f85f56e-8928-413a-8b73-760cdcf948bd','-','')), UNHEX('e9f1c8d7765443e29a2e8adf2bbfe113'), '출금', 0, 208000, '주식거래', '2022-06-07 00:00:00', 13703100),
 (UNHEX(REPLACE('17f3827f-7c71-4a03-85cf-8afbf0b36055','-','')), UNHEX('e9f1c8d7765443e29a2e8adf2bbfe113'), '출금', 0, 860000, '주식거래', '2022-05-09 00:00:00', 13911100),
 (UNHEX(REPLACE('277d18a5-8c12-4b7d-8ad4-9a09d7202074','-','')), UNHEX('e9f1c8d7765443e29a2e8adf2bbfe113'), '입금', 111500, 0, '주식거래', '2022-04-11 00:00:00', 14771100),
 (UNHEX(REPLACE('de1c5427-faf9-4e50-a2d6-eed54e88a029','-','')), UNHEX('e9f1c8d7765443e29a2e8adf2bbfe113'), '출금', 0, 232000, '주식거래', '2022-03-14 00:00:00', 14659600),
 (UNHEX(REPLACE('9affdb6c-9859-4045-a860-57838b4e63dd','-','')), UNHEX('e9f1c8d7765443e29a2e8adf2bbfe113'), '입금', 530000, 0, '주식거래', '2022-02-14 00:00:00', 14891600),
 (UNHEX(REPLACE('fd12c484-b0b2-41ff-8012-28d4f764e4d2','-','')), UNHEX('e9f1c8d7765443e29a2e8adf2bbfe113'), '출금', 0, 1270000, '주식거래', '2022-01-17 00:00:00', 14361600),
 (UNHEX(REPLACE('42189303-e0af-45b1-ad15-909b2a284bf6','-','')), UNHEX('e9f1c8d7765443e29a2e8adf2bbfe113'), '출금', 0, 361500, '주식거래', '2021-12-20 00:00:00', 15631600),
 (UNHEX(REPLACE('9861011a-4b82-41fa-a4b2-054d69e55d65','-','')), UNHEX('e9f1c8d7765443e29a2e8adf2bbfe113'), '입금', 956000, 0, '주식거래', '2021-11-22 00:00:00', 15993100),
 (UNHEX(REPLACE('2af522f3-2a4f-4e4f-bdb0-7478dbeb6f4c','-','')), UNHEX('e9f1c8d7765443e29a2e8adf2bbfe113'), '출금', 0, 300000, '주식거래', '2021-10-25 00:00:00', 15037100),
 (UNHEX(REPLACE('5515e61a-edea-42cd-a9b8-6fd0a146aabd','-','')), UNHEX('e9f1c8d7765443e29a2e8adf2bbfe113'), '입금', 731500, 0, '주식거래', '2021-09-27 00:00:00', 15337100),
 (UNHEX(REPLACE('2d2ac208-dc95-409a-9018-4e1bf8d66036','-','')), UNHEX('e9f1c8d7765443e29a2e8adf2bbfe113'), '출금', 0, 828000, '주식거래', '2021-08-30 00:00:00', 14605600),
 (UNHEX(REPLACE('ed765f86-9b1b-4a0d-a57f-e0bc7dbc6603','-','')), UNHEX('e9f1c8d7765443e29a2e8adf2bbfe113'), '입금', 812000, 0, '주식거래', '2021-08-02 00:00:00', 15433600),
 (UNHEX(REPLACE('be602380-1419-4177-ae20-e5532acf7936','-','')), UNHEX('e9f1c8d7765443e29a2e8adf2bbfe113'), '출금', 0, 738000, '주식거래', '2021-07-05 00:00:00', 14621600),
 (UNHEX(REPLACE('299d9697-fdf2-4247-a79f-09a772244471','-','')), UNHEX('e9f1c8d7765443e29a2e8adf2bbfe113'), '출금', 0, 128500, '주식거래', '2021-06-07 00:00:00', 15359600),
 (UNHEX(REPLACE('de758376-df74-404c-9ecc-f1684ea8c9c2','-','')), UNHEX('e9f1c8d7765443e29a2e8adf2bbfe113'), '출금', 0, 260000, '주식거래', '2021-05-10 00:00:00', 15488100),
 (UNHEX(REPLACE('8bb0daa1-7285-4054-ac14-f0271250f1eb','-','')), UNHEX('e9f1c8d7765443e29a2e8adf2bbfe113'), '입금', 1100000, 0, '주식거래', '2021-04-12 00:00:00', 15748100),
 (UNHEX(REPLACE('e4846d4e-7f21-401d-abb0-bac1cb9440b7','-','')), UNHEX('e9f1c8d7765443e29a2e8adf2bbfe113'), '입금', 1092000, 0, '주식거래', '2021-03-15 00:00:00', 14648100),
 (UNHEX(REPLACE('4fd9a375-6b75-4c00-9f80-e27c73b6b8c7','-','')), UNHEX('e9f1c8d7765443e29a2e8adf2bbfe113'), '입금', 792000, 0, '주식거래', '2021-02-15 00:00:00', 13556100),
 (UNHEX(REPLACE('a2652b19-3ed5-43f3-9e27-e9ba3452fbd2','-','')), UNHEX('e9f1c8d7765443e29a2e8adf2bbfe113'), '입금', 520000, 0, '주식거래', '2021-01-18 00:00:00', 12764100),
 (UNHEX(REPLACE('a99e8559-e0df-408e-b5f5-00d81726f67b','-','')), UNHEX('e9f1c8d7765443e29a2e8adf2bbfe113'), '출금', 0, 812000, '주식거래', '2020-12-21 00:00:00', 12244100),
 (UNHEX(REPLACE('405461a3-96e0-4c65-81f7-10614a9c9c1b','-','')), UNHEX('e9f1c8d7765443e29a2e8adf2bbfe113'), '입금', 1000000, 0, '주식거래', '2020-11-23 00:00:00', 13056100),
 (UNHEX(REPLACE('1c463273-fcb4-4902-9017-2a1d67d83f89','-','')), UNHEX('e9f1c8d7765443e29a2e8adf2bbfe113'), '입금', 249600, 0, '주식거래', '2020-10-26 00:00:00', 12056100),
 (UNHEX(REPLACE('7da270aa-3a23-4542-807e-e5f54f962ed6','-','')), UNHEX('e9f1c8d7765443e29a2e8adf2bbfe113'), '출금', 0, 660000, '주식거래', '2020-09-28 00:00:00', 11806500),
 (UNHEX(REPLACE('078214a6-4fe6-463f-97be-c08c31ef8d73','-','')), UNHEX('e9f1c8d7765443e29a2e8adf2bbfe113'), '입금', 751000, 0, '주식거래', '2020-08-31 00:00:00', 12466500),
 (UNHEX(REPLACE('f8f08f93-119e-4462-85ae-5a023b263252','-','')), UNHEX('e9f1c8d7765443e29a2e8adf2bbfe113'), '출금', 0, 81800, '주식거래', '2020-08-03 00:00:00', 11715500),
 (UNHEX(REPLACE('27605402-e21c-4bff-aa39-1ac4a434d799','-','')), UNHEX('e9f1c8d7765443e29a2e8adf2bbfe113'), '입금', 602000, 0, '주식거래', '2020-07-06 00:00:00', 11797300),
 (UNHEX(REPLACE('c5f5d21e-2429-435c-89e4-684a19a0527d','-','')), UNHEX('e9f1c8d7765443e29a2e8adf2bbfe113'), '입금', 273000, 0, '주식거래', '2020-06-08 00:00:00', 11195300),
 (UNHEX(REPLACE('05c0e813-d293-4dc5-a110-a0a5f1162d74','-','')), UNHEX('e9f1c8d7765443e29a2e8adf2bbfe113'), '입금', 507000, 0, '주식거래', '2020-05-11 00:00:00', 10922300),
 (UNHEX(REPLACE('d3952a0f-3391-4396-8518-fce9708d82d0','-','')), UNHEX('e9f1c8d7765443e29a2e8adf2bbfe113'), '입금', 81400, 0, '주식거래', '2020-04-13 00:00:00', 10415300),
 (UNHEX(REPLACE('1a604cd2-81fb-4e6e-a77a-1f216278b3c1','-','')), UNHEX('e9f1c8d7765443e29a2e8adf2bbfe113'), '입금', 564200, 0, '주식거래', '2020-03-16 00:00:00', 10333900),
 (UNHEX(REPLACE('b03fc750-5c2a-4654-a0d9-6ec752409c36','-','')), UNHEX('e9f1c8d7765443e29a2e8adf2bbfe113'), '출금', 0, 525000, '주식거래', '2020-02-17 00:00:00', 9769700),
 (UNHEX(REPLACE('fddfc537-6318-4f88-b012-b106ecbec9b3','-','')), UNHEX('e9f1c8d7765443e29a2e8adf2bbfe113'), '입금', 899100, 0, '주식거래', '2020-01-20 00:00:00', 10294700),
 (UNHEX(REPLACE('68aec9bb-d6c5-455e-b121-79c2379a96a3','-','')), UNHEX('e9f1c8d7765443e29a2e8adf2bbfe113'), '출금', 0, 946000, '주식거래', '2019-12-23 00:00:00', 9395600),
 (UNHEX(REPLACE('1b6bf44c-7902-4d29-bcaa-9ef517bd1ab7','-','')), UNHEX('e9f1c8d7765443e29a2e8adf2bbfe113'), '출금', 0, 735300, '주식거래', '2019-11-25 00:00:00', 10341600),
 (UNHEX(REPLACE('368a723a-957a-4492-865e-46a8cda66d65','-','')), UNHEX('e9f1c8d7765443e29a2e8adf2bbfe113'), '출금', 0, 580300, '주식거래', '2019-10-28 00:00:00', 11076900),
 (UNHEX(REPLACE('5cc4bbc2-842f-4b33-b14b-b3f66d245a5d','-','')), UNHEX('e9f1c8d7765443e29a2e8adf2bbfe113'), '입금', 739800, 0, '주식거래', '2019-09-30 00:00:00', 11657200),
 (UNHEX(REPLACE('bd44d6d5-0502-400d-876c-ccfdfc7c1895','-','')), UNHEX('e9f1c8d7765443e29a2e8adf2bbfe113'), '출금', 0, 388000, '주식거래', '2019-09-02 00:00:00', 10917400),
 (UNHEX(REPLACE('a826e8d5-b9c8-4088-9aed-77f926ee7f70','-','')), UNHEX('e9f1c8d7765443e29a2e8adf2bbfe113'), '입금', 603200, 0, '주식거래', '2019-08-05 00:00:00', 11305400),
 (UNHEX(REPLACE('a6d405f0-2af5-45bd-8f48-72147b3a300d','-','')), UNHEX('e9f1c8d7765443e29a2e8adf2bbfe113'), '출금', 0, 606600, '주식거래', '2019-07-08 00:00:00', 10702200),
 (UNHEX(REPLACE('ebb6743c-1595-45b0-980d-c0418d0640f4','-','')), UNHEX('e9f1c8d7765443e29a2e8adf2bbfe113'), '입금', 267200, 0, '주식거래', '2019-06-10 00:00:00', 11308800),
 (UNHEX(REPLACE('0fd3fb31-06b6-40be-a2f4-9bd93fc6908d','-','')), UNHEX('e9f1c8d7765443e29a2e8adf2bbfe113'), '입금', 367500, 0, '주식거래', '2019-05-13 00:00:00', 11041600),
 (UNHEX(REPLACE('674b1708-21c4-4e26-942a-422fb8cc6d84','-','')), UNHEX('e9f1c8d7765443e29a2e8adf2bbfe113'), '출금', 0, 398500, '주식거래', '2019-04-15 00:00:00', 10674100),
 (UNHEX(REPLACE('00803896-0d8e-4ca8-89e8-325e4097d530','-','')), UNHEX('e9f1c8d7765443e29a2e8adf2bbfe113'), '출금', 0, 203400, '주식거래', '2019-03-18 00:00:00', 11072600),
 (UNHEX(REPLACE('97f78455-edd7-4272-82b0-92b4379b7bff','-','')), UNHEX('e9f1c8d7765443e29a2e8adf2bbfe113'), '출금', 0, 522900, '주식거래', '2019-02-18 00:00:00', 11276000),
 (UNHEX(REPLACE('680e4690-0e8f-428c-87bb-4e16872bbcfd','-','')), UNHEX('e9f1c8d7765443e29a2e8adf2bbfe113'), '입금', 670000, 0, '주식거래', '2019-01-21 00:00:00', 11798900),
 (UNHEX(REPLACE('b3239ec6-f48f-478c-ae78-1701fcc20830','-','')), UNHEX('e9f1c8d7765443e29a2e8adf2bbfe113'), '출금', 0, 604000, '주식거래', '2018-12-24 00:00:00', 11128900),
 (UNHEX(REPLACE('b06228cf-1dff-43d8-a313-ac460608f566','-','')), UNHEX('e9f1c8d7765443e29a2e8adf2bbfe113'), '출금', 0, 567200, '주식거래', '2018-11-26 00:00:00', 11732900),
 (UNHEX(REPLACE('ed5eb257-c0f3-401f-bd1e-7b9dfdad4508','-','')), UNHEX('e9f1c8d7765443e29a2e8adf2bbfe113'), '입금', 133600, 0, '주식거래', '2018-10-29 00:00:00', 12300100),
 (UNHEX(REPLACE('d9959f6b-8dfd-44bc-9706-a4a1f26648b9','-','')), UNHEX('e9f1c8d7765443e29a2e8adf2bbfe113'), '출금', 0, 294800, '주식거래', '2018-10-01 00:00:00', 12166500),
 (UNHEX(REPLACE('541981bf-69a9-4afc-8b2c-0d9f96dc2aa2','-','')), UNHEX('e9f1c8d7765443e29a2e8adf2bbfe113'), '입금', 80600, 0, '주식거래', '2018-09-03 00:00:00', 12461300),
 (UNHEX(REPLACE('3d804b5c-143f-4716-a5f9-26adfd76ff10','-','')), UNHEX('e9f1c8d7765443e29a2e8adf2bbfe113'), '입금', 238200, 0, '주식거래', '2018-08-06 00:00:00', 12380700),
 (UNHEX(REPLACE('385b0a07-b02a-4039-b3c6-272ec50817fb','-','')), UNHEX('e9f1c8d7765443e29a2e8adf2bbfe113'), '입금', 876000, 0, '주식거래', '2018-07-09 00:00:00', 12142500),
 (UNHEX(REPLACE('5433410c-a7f4-472c-adf8-1b366df59f52','-','')), UNHEX('e9f1c8d7765443e29a2e8adf2bbfe113'), '입금', 802800, 0, '주식거래', '2018-06-11 00:00:00', 11266500),
 (UNHEX(REPLACE('98e1e092-e88a-4647-be38-78a0ea897e0e','-','')), UNHEX('e9f1c8d7765443e29a2e8adf2bbfe113'), '출금', 0, 341600, '주식거래', '2018-05-14 00:00:00', 10463700),
 (UNHEX(REPLACE('959fe151-d096-42fe-a510-aa3401417468','-','')), UNHEX('e9f1c8d7765443e29a2e8adf2bbfe113'), '입금', 672000, 0, '주식거래', '2018-04-16 00:00:00', 10805300),
 (UNHEX(REPLACE('437150cf-3808-4f47-bb2f-561776bece6f','-','')), UNHEX('e9f1c8d7765443e29a2e8adf2bbfe113'), '출금', 0, 539400, '주식거래', '2018-03-19 00:00:00', 10133300),
 (UNHEX(REPLACE('e523b8b8-b98e-4292-9954-49f215290bf0','-','')), UNHEX('e9f1c8d7765443e29a2e8adf2bbfe113'), '출금', 0, 765000, '주식거래', '2018-02-19 00:00:00', 10672700),
 (UNHEX(REPLACE('0abbef46-61f6-40ad-837b-3b9874b65c75','-','')), UNHEX('e9f1c8d7765443e29a2e8adf2bbfe113'), '출금', 0, 213300, '주식거래', '2018-01-22 00:00:00', 11437700),
 (UNHEX(REPLACE('2f31a703-e078-4cde-8847-1599874f4ebe','-','')), UNHEX('e9f1c8d7765443e29a2e8adf2bbfe113'), '입금', 444000, 0, '주식거래', '2017-12-26 00:00:00', 11651000),
 (UNHEX(REPLACE('eefcb4e8-a2c4-4f9c-8ecb-40fe22e28ea9','-','')), UNHEX('e9f1c8d7765443e29a2e8adf2bbfe113'), '입금', 747900, 0, '주식거래', '2017-11-27 00:00:00', 11207000),
 (UNHEX(REPLACE('6c0a2c7b-9de0-46cd-a760-199bb04b242b','-','')), UNHEX('e9f1c8d7765443e29a2e8adf2bbfe113'), '입금', 478800, 0, '주식거래', '2017-10-30 00:00:00', 10459100),
 (UNHEX(REPLACE('50245c53-01d8-4245-b2f3-1e3ba1427663','-','')), UNHEX('e9f1c8d7765443e29a2e8adf2bbfe113'), '출금', 0, 266100, '주식거래', '2017-10-10 00:00:00', 9980300),
 (UNHEX(REPLACE('023f6dfa-768b-4f68-8111-9a64c2de5ccb','-','')), UNHEX('e9f1c8d7765443e29a2e8adf2bbfe113'), '입금', 664200, 0, '주식거래', '2017-09-11 00:00:00', 10246400),
 (UNHEX(REPLACE('790191bd-3074-444a-a820-d0dce9980420','-','')), UNHEX('e9f1c8d7765443e29a2e8adf2bbfe113'), '출금', 0, 65100, '주식거래', '2017-08-14 00:00:00', 9582200),
 (UNHEX(REPLACE('43c9922a-0290-4e14-ad43-ab7a43cb67a2','-','')), UNHEX('e9f1c8d7765443e29a2e8adf2bbfe113'), '출금', 0, 284800, '주식거래', '2017-07-17 00:00:00', 9647300),
 (UNHEX(REPLACE('4acf362f-466f-4cd5-a35b-e511178e140e','-','')), UNHEX('e9f1c8d7765443e29a2e8adf2bbfe113'), '입금', 439600, 0, '주식거래', '2017-06-19 00:00:00', 9932100),
 (UNHEX(REPLACE('7e5e4921-62f3-4f9b-8daa-d44679a32744','-','')), UNHEX('e9f1c8d7765443e29a2e8adf2bbfe113'), '출금', 0, 336000, '주식거래', '2017-05-22 00:00:00', 9492500),
 (UNHEX(REPLACE('4698389d-1775-4082-a23a-342eb00adfd7','-','')), UNHEX('e9f1c8d7765443e29a2e8adf2bbfe113'), '출금', 0, 157200, '주식거래', '2017-04-24 00:00:00', 9828500),
 (UNHEX(REPLACE('432c6bf6-cc2a-4785-95a6-6853cba165d0','-','')), UNHEX('e9f1c8d7765443e29a2e8adf2bbfe113'), '입금', 507000, 0, '주식거래', '2017-03-27 00:00:00', 9985700),
 (UNHEX(REPLACE('14694ce5-9339-4301-85d0-ef4f90f1063e','-','')), UNHEX('e9f1c8d7765443e29a2e8adf2bbfe113'), '출금', 0, 92000, '주식거래', '2017-02-27 00:00:00', 9478700),
 (UNHEX(REPLACE('b47ebe0c-8c37-4b29-9c4c-0fed70a6dfe2','-','')), UNHEX('e9f1c8d7765443e29a2e8adf2bbfe113'), '출금', 0, 322200, '주식거래', '2017-01-31 00:00:00', 9570700),
 (UNHEX(REPLACE('0be0c039-af55-4bed-af9f-5ecabd7c42ac','-','')), UNHEX('e9f1c8d7765443e29a2e8adf2bbfe113'), '입금', 183200, 0, '주식거래', '2017-01-02 00:00:00', 9892900),
 (UNHEX(REPLACE('ccb16e39-87ce-4367-8fed-a950448a20c8','-','')), UNHEX('e9f1c8d7765443e29a2e8adf2bbfe113'), '출금', 0, 44400, '주식거래', '2016-12-05 00:00:00', 9709700),
 (UNHEX(REPLACE('17c23b32-1861-4009-9ea4-c574376595d1','-','')), UNHEX('e9f1c8d7765443e29a2e8adf2bbfe113'), '입금', 83000, 0, '주식거래', '2016-11-07 00:00:00', 9754100),
 (UNHEX(REPLACE('c8f801ac-7c31-43d7-bf00-3954e603c702','-','')), UNHEX('e9f1c8d7765443e29a2e8adf2bbfe113'), '출금', 0, 330400, '주식거래', '2016-10-10 00:00:00', 9671100),
 (UNHEX(REPLACE('1926b084-4bc9-462a-900a-dccb191be6b7','-','')), UNHEX('e9f1c8d7765443e29a2e8adf2bbfe113'), '출금', 0, 148000, '주식거래', '2016-09-12 00:00:00', 10001500),
 (UNHEX(REPLACE('210736f6-5ab2-44fe-a7da-508b90353c61','-','')), UNHEX('e9f1c8d7765443e29a2e8adf2bbfe113'), '출금', 0, 33700, '주식거래', '2016-08-16 00:00:00', 10149500),
 (UNHEX(REPLACE('20ea8b1d-01f3-460c-a949-0bc3ed0f77a4','-','')), UNHEX('e9f1c8d7765443e29a2e8adf2bbfe113'), '출금', 0, 262000, '주식거래', '2016-07-18 00:00:00', 10183200),
 (UNHEX(REPLACE('899c85c9-18ee-4c79-ac76-b651ce03da73','-','')), UNHEX('e9f1c8d7765443e29a2e8adf2bbfe113'), '출금', 0, 240400, '주식거래', '2016-06-20 00:00:00', 10445200),
 (UNHEX(REPLACE('807fa719-772a-4211-9a05-fca5c8e0809b','-','')), UNHEX('e9f1c8d7765443e29a2e8adf2bbfe113'), '입금', 272000, 0, '주식거래', '2016-05-23 00:00:00', 10685600),
 (UNHEX(REPLACE('96b4f987-c58a-4323-8110-80afa0ce5276','-','')), UNHEX('e9f1c8d7765443e29a2e8adf2bbfe113'), '출금', 0, 27500, '주식거래', '2016-04-25 00:00:00', 10413600),
 (UNHEX(REPLACE('c4c2af81-91be-4735-b5c3-e5c5c8aba6fc','-','')), UNHEX('e9f1c8d7765443e29a2e8adf2bbfe113'), '출금', 0, 114200, '주식거래', '2016-03-28 00:00:00', 10441100),
 (UNHEX(REPLACE('deaeea96-b87f-462f-a6b2-f4ea043981c3','-','')), UNHEX('e9f1c8d7765443e29a2e8adf2bbfe113'), '출금', 0, 270000, '주식거래', '2016-02-29 00:00:00', 10555300),
 (UNHEX(REPLACE('8fc189da-76cd-4bea-8265-010dcc26cfc2','-','')), UNHEX('e9f1c8d7765443e29a2e8adf2bbfe113'), '입금', 284000, 0, '주식거래', '2016-02-01 00:00:00', 10825300),
 (UNHEX(REPLACE('6b29622d-c121-42c8-80e9-a9929d8de957','-','')), UNHEX('e9f1c8d7765443e29a2e8adf2bbfe113'), '입금', 241200, 0, '주식거래', '2016-01-04 00:00:00', 10541300),
 (UNHEX(REPLACE('36b86330-e4fc-4fd5-b0af-523a134bd2e3','-','')), UNHEX('e9f1c8d7765443e29a2e8adf2bbfe113'), '입금', 214900, 0, '주식거래', '2015-12-07 00:00:00', 10300100),
 (UNHEX(REPLACE('97c92b3a-73a8-485d-9ac5-2f480174b826','-','')), UNHEX('e9f1c8d7765443e29a2e8adf2bbfe113'), '입금', 281250, 0, '주식거래', '2015-11-09 00:00:00', 10085200),
 (UNHEX(REPLACE('06fefad1-db8c-432e-a7f9-c5db7d2e3161','-','')), UNHEX('e9f1c8d7765443e29a2e8adf2bbfe113'), '입금', 368500, 0, '주식거래', '2015-10-12 00:00:00', 9803950),
 (UNHEX(REPLACE('d6e69730-f6fd-43cf-a57b-e9cc09488ad6','-','')), UNHEX('e9f1c8d7765443e29a2e8adf2bbfe113'), '입금', 207600, 0, '주식거래', '2015-09-14 00:00:00', 9435450),
 (UNHEX(REPLACE('11516034-fc53-446d-9185-77e834521754','-','')), UNHEX('e9f1c8d7765443e29a2e8adf2bbfe113'), '출금', 0, 178250, '주식거래', '2015-08-17 00:00:00', 9227850),
 (UNHEX(REPLACE('28d90863-d67d-46ca-8348-02b48745c74d','-','')), UNHEX('e9f1c8d7765443e29a2e8adf2bbfe113'), '출금', 0, 115950, '주식거래', '2015-07-20 00:00:00', 9406100),
 (UNHEX(REPLACE('51b4f495-5ed5-4f52-b4f6-832164567549','-','')), UNHEX('e9f1c8d7765443e29a2e8adf2bbfe113'), '입금', 43850, 0, '주식거래', '2015-06-22 00:00:00', 9522050),
 (UNHEX(REPLACE('00e3ed64-20d0-4375-b0b2-7620ce7bc130','-','')), UNHEX('e9f1c8d7765443e29a2e8adf2bbfe113'), '출금', 0, 432000, '주식거래', '2015-05-26 00:00:00', 9478200),
 (UNHEX(REPLACE('5df52de9-a7ed-4ffa-ac88-ed089cc681d1','-','')), UNHEX('e9f1c8d7765443e29a2e8adf2bbfe113'), '출금', 0, 183200, '주식거래', '2015-04-27 00:00:00', 9910200),
 (UNHEX(REPLACE('2dbdb5bb-c17a-4523-b2c6-64884b8669c4','-','')), UNHEX('e9f1c8d7765443e29a2e8adf2bbfe113'), '입금', 182000, 0, '주식거래', '2015-03-30 00:00:00', 10093400),
 (UNHEX(REPLACE('3ed0e748-f4ca-4fe7-b349-7e5d08e7244a','-','')), UNHEX('e9f1c8d7765443e29a2e8adf2bbfe113'), '입금', 187400, 0, '주식거래', '2015-03-02 00:00:00', 9911400),
 (UNHEX(REPLACE('bc77df26-4bcb-4257-8c72-14c7b63959eb','-','')), UNHEX('e9f1c8d7765443e29a2e8adf2bbfe113'), '출금', 0, 326200, '주식거래', '2015-02-02 00:00:00', 9724000),
 (UNHEX(REPLACE('d5608200-ca03-44bf-a81f-511b7744a4e2','-','')), UNHEX('e9f1c8d7765443e29a2e8adf2bbfe113'), '출금', 0, 381200, '주식거래', '2015-01-05 00:00:00', 10050200),
 (UNHEX(REPLACE('559d5f0d-a7b0-440f-9f36-748dac2987d1','-','')), UNHEX('e9f1c8d7765443e29a2e8adf2bbfe113'), '출금', 0, 97300, '주식거래', '2014-12-08 00:00:00', 10431400),
 (UNHEX(REPLACE('076112dd-3a09-4ebb-8055-10732ce6a87f','-','')), UNHEX('e9f1c8d7765443e29a2e8adf2bbfe113'), '출금', 0, 190200, '주식거래', '2014-11-10 00:00:00', 10528700),
 (UNHEX(REPLACE('993f8e98-8295-49e7-b94e-4f35045deecc','-','')), UNHEX('e9f1c8d7765443e29a2e8adf2bbfe113'), '출금', 0, 125100, '주식거래', '2014-10-13 00:00:00', 10718900),
 (UNHEX(REPLACE('ba750cc6-ae95-4391-a3d3-0c4a1c63f790','-','')), UNHEX('e9f1c8d7765443e29a2e8adf2bbfe113'), '입금', 42800, 0, '주식거래', '2014-09-15 00:00:00', 10844000),
 (UNHEX(REPLACE('0a4d7617-c074-4b47-8219-20c847fc458c','-','')), UNHEX('e9f1c8d7765443e29a2e8adf2bbfe113'), '출금', 0, 438500, '주식거래', '2014-08-18 00:00:00', 10801200),
 (UNHEX(REPLACE('e0fce14b-a210-475d-836d-fd3408fd5abd','-','')), UNHEX('e9f1c8d7765443e29a2e8adf2bbfe113'), '입금', 353500, 0, '주식거래', '2014-07-21 00:00:00', 11239700),
 (UNHEX(REPLACE('eaf00a7b-b37a-464f-954a-39c9f4c14338','-','')), UNHEX('e9f1c8d7765443e29a2e8adf2bbfe113'), '입금', 391200, 0, '주식거래', '2014-06-23 00:00:00', 10886200),
 (UNHEX(REPLACE('fd2fc186-ffb4-433d-a11a-1f756e5bb106','-','')), UNHEX('e9f1c8d7765443e29a2e8adf2bbfe113'), '출금', 0, 127200, '주식거래', '2014-05-26 00:00:00', 10495000),
 (UNHEX(REPLACE('32482bde-5656-488f-90a0-89fd487a1ac6','-','')), UNHEX('e9f1c8d7765443e29a2e8adf2bbfe113'), '출금', 0, 324000, '주식거래', '2014-04-28 00:00:00', 10622200),
 (UNHEX(REPLACE('b3301e3d-ee38-4dc8-87af-cfda8bcd692c','-','')), UNHEX('e9f1c8d7765443e29a2e8adf2bbfe113'), '출금', 0, 144000, '주식거래', '2014-03-31 00:00:00', 10946200),
 (UNHEX(REPLACE('ceb73f55-1d0d-40dd-8819-538c6f7683a8','-','')), UNHEX('e9f1c8d7765443e29a2e8adf2bbfe113'), '입금', 116850, 0, '주식거래', '2014-03-03 00:00:00', 11090200),
 (UNHEX(REPLACE('82aca362-0565-4037-8989-da419b3d8ff6','-','')), UNHEX('e9f1c8d7765443e29a2e8adf2bbfe113'), '입금', 341550, 0, '주식거래', '2014-02-03 00:00:00', 10973350),
 (UNHEX(REPLACE('aedb6308-fd3a-42ea-9fcb-61d7b3a1ddf9','-','')), UNHEX('e9f1c8d7765443e29a2e8adf2bbfe113'), '출금', 0, 150600, '주식거래', '2014-01-06 00:00:00', 10631800);

INSERT INTO stock_transaction(transaction_no, stock_isin, quantity) VALUES (UNHEX(REPLACE('25354dc0-e252-48ee-b8db-828dfca6f990','-','')), 'KR7000660001', 3),
 (UNHEX(REPLACE('e5448903-157b-42db-bb5e-56cd668033c9','-','')), 'KR7000660001', 7),
 (UNHEX(REPLACE('8004fe83-b632-4570-857b-907013686056','-','')), 'KR7000660001', 5),
 (UNHEX(REPLACE('8ce8da26-e56e-4288-bbc1-64b5cd760aa9','-','')), 'KR7000660001', 4),
 (UNHEX(REPLACE('d64078b0-31b3-41cf-8f30-19b4dd1c03a8','-','')), 'KR7000660001', -6),
 (UNHEX(REPLACE('b6d291db-27b9-49b5-8be1-322b8fef0319','-','')), 'KR7000660001', -6),
 (UNHEX(REPLACE('ed6f0bf2-8109-49c7-97cb-cebf3781937e','-','')), 'KR7000660001', 6),
 (UNHEX(REPLACE('4d9c34da-2013-454e-bcfd-e8fbced38f1b','-','')), 'KR7000660001', 7),
 (UNHEX(REPLACE('1d750dba-9822-4756-aafa-93078dd5d84a','-','')), 'KR7000660001', -7),
 (UNHEX(REPLACE('5750472a-bbc9-468c-891f-6b9c06022933','-','')), 'KR7000660001', 5),
 (UNHEX(REPLACE('dfd9ff85-0a4e-46cf-8865-caee2f360e82','-','')), 'KR7000660001', 1),
 (UNHEX(REPLACE('5ad3f81a-f9d1-4f0f-af11-6ba985fc5723','-','')), 'KR7000660001', 3),
 (UNHEX(REPLACE('1ffc8244-dda2-4e94-92b8-c89a53bdb7aa','-','')), 'KR7000660001', 2),
 (UNHEX(REPLACE('f72e177d-a0cd-4ea6-8bc7-407baf5da94b','-','')), 'KR7000660001', -9),
 (UNHEX(REPLACE('204ea500-f08f-4ea0-b8da-b4f283f23716','-','')), 'KR7000660001', 3),
 (UNHEX(REPLACE('d1e203d2-a92a-4861-a7fe-2b0311758ee2','-','')), 'KR7000660001', -6),
 (UNHEX(REPLACE('840d5764-89cb-4d46-82ff-381c7aff780f','-','')), 'KR7000660001', -6),
 (UNHEX(REPLACE('e504fcc4-7efc-4275-bbdc-2e3ba4d1c6ff','-','')), 'KR7000660001', 10),
 (UNHEX(REPLACE('9cba4bfb-15cb-448f-8e2f-548e528d79bb','-','')), 'KR7000660001', 10),
 (UNHEX(REPLACE('c7f6b168-9d7d-451e-9ac7-dd60dc917d47','-','')), 'KR7000660001', 9),
 (UNHEX(REPLACE('53e2b20b-16f5-4e8d-8d50-2e10ca5fcf5f','-','')), 'KR7000660001', -6),
 (UNHEX(REPLACE('690210e7-25de-4e48-abe8-5d76e89bc50b','-','')), 'KR7000660001', -2),
 (UNHEX(REPLACE('6a7a2122-e407-480d-a37c-bea06b1a1b1d','-','')), 'KR7000660001', -1),
 (UNHEX(REPLACE('8556891c-7789-4247-9ef1-2c32ecb32487','-','')), 'KR7000660001', 3),
 (UNHEX(REPLACE('cfc1a368-ba66-4c9e-aa15-7e1abad44dfa','-','')), 'KR7000660001', -3),
 (UNHEX(REPLACE('e1f5d96f-cb49-4e63-9b4c-e8b5e349bbf5','-','')), 'KR7000660001', 8),
 (UNHEX(REPLACE('4e1836a1-5209-45cd-8821-c0b591e1cffb','-','')), 'KR7000660001', 1),
 (UNHEX(REPLACE('1908412a-5dd7-4762-b7f1-2f314090e1fb','-','')), 'KR7000660001', 10),
 (UNHEX(REPLACE('efb82bac-16b3-4445-b5c0-375a36e0b995','-','')), 'KR7000660001', -2),
 (UNHEX(REPLACE('7037d149-9124-488d-a8d1-364ee182042e','-','')), 'KR7000660001', 10),
 (UNHEX(REPLACE('c4adc96b-3904-42c9-918c-56761947f3ee','-','')), 'KR7000660001', -9),
 (UNHEX(REPLACE('600db0a8-1f77-4b85-95bc-371cf3d4fdf9','-','')), 'KR7000660001', -8),
 (UNHEX(REPLACE('34db1692-4907-4644-ad58-bad9445f4464','-','')), 'KR7000660001', 1),
 (UNHEX(REPLACE('89d49782-caef-46b3-b1a9-150739b93853','-','')), 'KR7000660001', -1),
 (UNHEX(REPLACE('e56328ee-d0c1-4021-bbc0-51764ca720c1','-','')), 'KR7000660001', 3),
 (UNHEX(REPLACE('f38869a3-eab3-48c8-886f-21be27495e2e','-','')), 'KR7000660001', -9),
 (UNHEX(REPLACE('b61098d9-59e2-4eb8-b980-3318f753f85f','-','')), 'KR7000660001', -5),
 (UNHEX(REPLACE('3785031c-9914-45dd-a72c-a1759aee1af2','-','')), 'KR7000660001', -5),
 (UNHEX(REPLACE('15b59ed2-b9ea-46eb-a571-b9591997e898','-','')), 'KR7000660001', -4),
 (UNHEX(REPLACE('b632b1c5-24cd-4cec-a9f3-19aed7e013d4','-','')), 'KR7000660001', -10),
 (UNHEX(REPLACE('56375479-652c-414f-82ec-38fcc91ca425','-','')), 'KR7000660001', -10),
 (UNHEX(REPLACE('4f85f56e-8928-413a-8b73-760cdcf948bd','-','')), 'KR7000660001', 2),
 (UNHEX(REPLACE('17f3827f-7c71-4a03-85cf-8afbf0b36055','-','')), 'KR7000660001', 8),
 (UNHEX(REPLACE('277d18a5-8c12-4b7d-8ad4-9a09d7202074','-','')), 'KR7000660001', -1),
 (UNHEX(REPLACE('de1c5427-faf9-4e50-a2d6-eed54e88a029','-','')), 'KR7000660001', 2),
 (UNHEX(REPLACE('9affdb6c-9859-4045-a860-57838b4e63dd','-','')), 'KR7000660001', -4),
 (UNHEX(REPLACE('fd12c484-b0b2-41ff-8012-28d4f764e4d2','-','')), 'KR7000660001', 10),
 (UNHEX(REPLACE('42189303-e0af-45b1-ad15-909b2a284bf6','-','')), 'KR7000660001', 3),
 (UNHEX(REPLACE('9861011a-4b82-41fa-a4b2-054d69e55d65','-','')), 'KR7000660001', -8),
 (UNHEX(REPLACE('2af522f3-2a4f-4e4f-bdb0-7478dbeb6f4c','-','')), 'KR7000660001', 3),
 (UNHEX(REPLACE('5515e61a-edea-42cd-a9b8-6fd0a146aabd','-','')), 'KR7000660001', -7),
 (UNHEX(REPLACE('2d2ac208-dc95-409a-9018-4e1bf8d66036','-','')), 'KR7000660001', 8),
 (UNHEX(REPLACE('ed765f86-9b1b-4a0d-a57f-e0bc7dbc6603','-','')), 'KR7000660001', -7),
 (UNHEX(REPLACE('be602380-1419-4177-ae20-e5532acf7936','-','')), 'KR7000660001', 6),
 (UNHEX(REPLACE('299d9697-fdf2-4247-a79f-09a772244471','-','')), 'KR7000660001', 1),
 (UNHEX(REPLACE('de758376-df74-404c-9ecc-f1684ea8c9c2','-','')), 'KR7000660001', 2),
 (UNHEX(REPLACE('8bb0daa1-7285-4054-ac14-f0271250f1eb','-','')), 'KR7000660001', -8),
 (UNHEX(REPLACE('e4846d4e-7f21-401d-abb0-bac1cb9440b7','-','')), 'KR7000660001', -8),
 (UNHEX(REPLACE('4fd9a375-6b75-4c00-9f80-e27c73b6b8c7','-','')), 'KR7000660001', -6),
 (UNHEX(REPLACE('a2652b19-3ed5-43f3-9e27-e9ba3452fbd2','-','')), 'KR7000660001', -4),
 (UNHEX(REPLACE('a99e8559-e0df-408e-b5f5-00d81726f67b','-','')), 'KR7000660001', 7),
 (UNHEX(REPLACE('405461a3-96e0-4c65-81f7-10614a9c9c1b','-','')), 'KR7000660001', -10),
 (UNHEX(REPLACE('1c463273-fcb4-4902-9017-2a1d67d83f89','-','')), 'KR7000660001', -3),
 (UNHEX(REPLACE('7da270aa-3a23-4542-807e-e5f54f962ed6','-','')), 'KR7000660001', 8),
 (UNHEX(REPLACE('078214a6-4fe6-463f-97be-c08c31ef8d73','-','')), 'KR7000660001', -10),
 (UNHEX(REPLACE('f8f08f93-119e-4462-85ae-5a023b263252','-','')), 'KR7000660001', 1),
 (UNHEX(REPLACE('27605402-e21c-4bff-aa39-1ac4a434d799','-','')), 'KR7000660001', -7),
 (UNHEX(REPLACE('c5f5d21e-2429-435c-89e4-684a19a0527d','-','')), 'KR7000660001', -3),
 (UNHEX(REPLACE('05c0e813-d293-4dc5-a110-a0a5f1162d74','-','')), 'KR7000660001', -6),
 (UNHEX(REPLACE('d3952a0f-3391-4396-8518-fce9708d82d0','-','')), 'KR7000660001', -1),
 (UNHEX(REPLACE('1a604cd2-81fb-4e6e-a77a-1f216278b3c1','-','')), 'KR7000660001', -7),
 (UNHEX(REPLACE('b03fc750-5c2a-4654-a0d9-6ec752409c36','-','')), 'KR7000660001', 5),
 (UNHEX(REPLACE('fddfc537-6318-4f88-b012-b106ecbec9b3','-','')), 'KR7000660001', -9),
 (UNHEX(REPLACE('68aec9bb-d6c5-455e-b121-79c2379a96a3','-','')), 'KR7000660001', 10),
 (UNHEX(REPLACE('1b6bf44c-7902-4d29-bcaa-9ef517bd1ab7','-','')), 'KR7000660001', 9),
 (UNHEX(REPLACE('368a723a-957a-4492-865e-46a8cda66d65','-','')), 'KR7000660001', 7),
 (UNHEX(REPLACE('5cc4bbc2-842f-4b33-b14b-b3f66d245a5d','-','')), 'KR7000660001', -9),
 (UNHEX(REPLACE('bd44d6d5-0502-400d-876c-ccfdfc7c1895','-','')), 'KR7000660001', 5),
 (UNHEX(REPLACE('a826e8d5-b9c8-4088-9aed-77f926ee7f70','-','')), 'KR7000660001', -8),
 (UNHEX(REPLACE('a6d405f0-2af5-45bd-8f48-72147b3a300d','-','')), 'KR7000660001', 9),
 (UNHEX(REPLACE('ebb6743c-1595-45b0-980d-c0418d0640f4','-','')), 'KR7000660001', -4),
 (UNHEX(REPLACE('0fd3fb31-06b6-40be-a2f4-9bd93fc6908d','-','')), 'KR7000660001', -5),
 (UNHEX(REPLACE('674b1708-21c4-4e26-942a-422fb8cc6d84','-','')), 'KR7000660001', 5),
 (UNHEX(REPLACE('00803896-0d8e-4ca8-89e8-325e4097d530','-','')), 'KR7000660001', 3),
 (UNHEX(REPLACE('97f78455-edd7-4272-82b0-92b4379b7bff','-','')), 'KR7000660001', 7),
 (UNHEX(REPLACE('680e4690-0e8f-428c-87bb-4e16872bbcfd','-','')), 'KR7000660001', -10),
 (UNHEX(REPLACE('b3239ec6-f48f-478c-ae78-1701fcc20830','-','')), 'KR7000660001', 10),
 (UNHEX(REPLACE('b06228cf-1dff-43d8-a313-ac460608f566','-','')), 'KR7000660001', 8),
 (UNHEX(REPLACE('ed5eb257-c0f3-401f-bd1e-7b9dfdad4508','-','')), 'KR7000660001', -2),
 (UNHEX(REPLACE('d9959f6b-8dfd-44bc-9706-a4a1f26648b9','-','')), 'KR7000660001', 4),
 (UNHEX(REPLACE('541981bf-69a9-4afc-8b2c-0d9f96dc2aa2','-','')), 'KR7000660001', -1),
 (UNHEX(REPLACE('3d804b5c-143f-4716-a5f9-26adfd76ff10','-','')), 'KR7000660001', -3),
 (UNHEX(REPLACE('385b0a07-b02a-4039-b3c6-272ec50817fb','-','')), 'KR7000660001', -10),
 (UNHEX(REPLACE('5433410c-a7f4-472c-adf8-1b366df59f52','-','')), 'KR7000660001', -9),
 (UNHEX(REPLACE('98e1e092-e88a-4647-be38-78a0ea897e0e','-','')), 'KR7000660001', 4),
 (UNHEX(REPLACE('959fe151-d096-42fe-a510-aa3401417468','-','')), 'KR7000660001', -8),
 (UNHEX(REPLACE('437150cf-3808-4f47-bb2f-561776bece6f','-','')), 'KR7000660001', 6),
 (UNHEX(REPLACE('e523b8b8-b98e-4292-9954-49f215290bf0','-','')), 'KR7000660001', 10),
 (UNHEX(REPLACE('0abbef46-61f6-40ad-837b-3b9874b65c75','-','')), 'KR7000660001', 3),
 (UNHEX(REPLACE('2f31a703-e078-4cde-8847-1599874f4ebe','-','')), 'KR7000660001', -6),
 (UNHEX(REPLACE('eefcb4e8-a2c4-4f9c-8ecb-40fe22e28ea9','-','')), 'KR7000660001', -9),
 (UNHEX(REPLACE('6c0a2c7b-9de0-46cd-a760-199bb04b242b','-','')), 'KR7000660001', -6),
 (UNHEX(REPLACE('50245c53-01d8-4245-b2f3-1e3ba1427663','-','')), 'KR7000660001', 3),
 (UNHEX(REPLACE('023f6dfa-768b-4f68-8111-9a64c2de5ccb','-','')), 'KR7000660001', -9),
 (UNHEX(REPLACE('790191bd-3074-444a-a820-d0dce9980420','-','')), 'KR7000660001', 1),
 (UNHEX(REPLACE('43c9922a-0290-4e14-ad43-ab7a43cb67a2','-','')), 'KR7000660001', 4),
 (UNHEX(REPLACE('4acf362f-466f-4cd5-a35b-e511178e140e','-','')), 'KR7000660001', -7),
 (UNHEX(REPLACE('7e5e4921-62f3-4f9b-8daa-d44679a32744','-','')), 'KR7000660001', 6),
 (UNHEX(REPLACE('4698389d-1775-4082-a23a-342eb00adfd7','-','')), 'KR7000660001', 3),
 (UNHEX(REPLACE('432c6bf6-cc2a-4785-95a6-6853cba165d0','-','')), 'KR7000660001', -10),
 (UNHEX(REPLACE('14694ce5-9339-4301-85d0-ef4f90f1063e','-','')), 'KR7000660001', 2),
 (UNHEX(REPLACE('b47ebe0c-8c37-4b29-9c4c-0fed70a6dfe2','-','')), 'KR7000660001', 6),
 (UNHEX(REPLACE('0be0c039-af55-4bed-af9f-5ecabd7c42ac','-','')), 'KR7000660001', -4),
 (UNHEX(REPLACE('ccb16e39-87ce-4367-8fed-a950448a20c8','-','')), 'KR7000660001', 1),
 (UNHEX(REPLACE('17c23b32-1861-4009-9ea4-c574376595d1','-','')), 'KR7000660001', -2),
 (UNHEX(REPLACE('c8f801ac-7c31-43d7-bf00-3954e603c702','-','')), 'KR7000660001', 8),
 (UNHEX(REPLACE('1926b084-4bc9-462a-900a-dccb191be6b7','-','')), 'KR7000660001', 4),
 (UNHEX(REPLACE('210736f6-5ab2-44fe-a7da-508b90353c61','-','')), 'KR7000660001', 1),
 (UNHEX(REPLACE('20ea8b1d-01f3-460c-a949-0bc3ed0f77a4','-','')), 'KR7000660001', 8),
 (UNHEX(REPLACE('899c85c9-18ee-4c79-ac76-b651ce03da73','-','')), 'KR7000660001', 8),
 (UNHEX(REPLACE('807fa719-772a-4211-9a05-fca5c8e0809b','-','')), 'KR7000660001', -10),
 (UNHEX(REPLACE('96b4f987-c58a-4323-8110-80afa0ce5276','-','')), 'KR7000660001', 1),
 (UNHEX(REPLACE('c4c2af81-91be-4735-b5c3-e5c5c8aba6fc','-','')), 'KR7000660001', 4),
 (UNHEX(REPLACE('deaeea96-b87f-462f-a6b2-f4ea043981c3','-','')), 'KR7000660001', 9),
 (UNHEX(REPLACE('8fc189da-76cd-4bea-8265-010dcc26cfc2','-','')), 'KR7000660001', -10),
 (UNHEX(REPLACE('6b29622d-c121-42c8-80e9-a9929d8de957','-','')), 'KR7000660001', -8),
 (UNHEX(REPLACE('36b86330-e4fc-4fd5-b0af-523a134bd2e3','-','')), 'KR7000660001', -7),
 (UNHEX(REPLACE('97c92b3a-73a8-485d-9ac5-2f480174b826','-','')), 'KR7000660001', -9),
 (UNHEX(REPLACE('06fefad1-db8c-432e-a7f9-c5db7d2e3161','-','')), 'KR7000660001', -10),
 (UNHEX(REPLACE('d6e69730-f6fd-43cf-a57b-e9cc09488ad6','-','')), 'KR7000660001', -6),
 (UNHEX(REPLACE('11516034-fc53-446d-9185-77e834521754','-','')), 'KR7000660001', 5),
 (UNHEX(REPLACE('28d90863-d67d-46ca-8348-02b48745c74d','-','')), 'KR7000660001', 3),
 (UNHEX(REPLACE('51b4f495-5ed5-4f52-b4f6-832164567549','-','')), 'KR7000660001', -1),
 (UNHEX(REPLACE('00e3ed64-20d0-4375-b0b2-7620ce7bc130','-','')), 'KR7000660001', 9),
 (UNHEX(REPLACE('5df52de9-a7ed-4ffa-ac88-ed089cc681d1','-','')), 'KR7000660001', 4),
 (UNHEX(REPLACE('2dbdb5bb-c17a-4523-b2c6-64884b8669c4','-','')), 'KR7000660001', -4),
 (UNHEX(REPLACE('3ed0e748-f4ca-4fe7-b349-7e5d08e7244a','-','')), 'KR7000660001', -4),
 (UNHEX(REPLACE('bc77df26-4bcb-4257-8c72-14c7b63959eb','-','')), 'KR7000660001', 7),
 (UNHEX(REPLACE('d5608200-ca03-44bf-a81f-511b7744a4e2','-','')), 'KR7000660001', 8),
 (UNHEX(REPLACE('559d5f0d-a7b0-440f-9f36-748dac2987d1','-','')), 'KR7000660001', 2),
 (UNHEX(REPLACE('076112dd-3a09-4ebb-8055-10732ce6a87f','-','')), 'KR7000660001', 4),
 (UNHEX(REPLACE('993f8e98-8295-49e7-b94e-4f35045deecc','-','')), 'KR7000660001', 3),
 (UNHEX(REPLACE('ba750cc6-ae95-4391-a3d3-0c4a1c63f790','-','')), 'KR7000660001', -1),
 (UNHEX(REPLACE('0a4d7617-c074-4b47-8219-20c847fc458c','-','')), 'KR7000660001', 10),
 (UNHEX(REPLACE('e0fce14b-a210-475d-836d-fd3408fd5abd','-','')), 'KR7000660001', -7),
 (UNHEX(REPLACE('eaf00a7b-b37a-464f-954a-39c9f4c14338','-','')), 'KR7000660001', -8),
 (UNHEX(REPLACE('fd2fc186-ffb4-433d-a11a-1f756e5bb106','-','')), 'KR7000660001', 3),
 (UNHEX(REPLACE('32482bde-5656-488f-90a0-89fd487a1ac6','-','')), 'KR7000660001', 8),
 (UNHEX(REPLACE('b3301e3d-ee38-4dc8-87af-cfda8bcd692c','-','')), 'KR7000660001', 4),
 (UNHEX(REPLACE('ceb73f55-1d0d-40dd-8819-538c6f7683a8','-','')), 'KR7000660001', -3),
 (UNHEX(REPLACE('82aca362-0565-4037-8989-da419b3d8ff6','-','')), 'KR7000660001', -9),
 (UNHEX(REPLACE('aedb6308-fd3a-42ea-9fcb-61d7b3a1ddf9','-','')), 'KR7000660001', 4);
